Starting upload for file asset-inventory.json

  0%|          | 0.00/7.38k [00:00<?, ?B/s]
100%|\u2588\u2588\u2588\u2588\u2588\u2588\u2588\u2588\u2588\u2588| 7.38k/7.38k [00:00<00:00, 20.4kB/s]
100%|\u2588\u2588\u2588\u2588\u2588\u2588\u2588\u2588\u2588\u2588| 7.38k/7.38k [00:01<00:00, 6.08kB/s]
Upload successful: asset-inventory.json (7KB)
Starting upload for file asset_inventory.json

  0%|          | 0.00/7.38k [00:00<?, ?B/s]
100%|\u2588\u2588\u2588\u2588\u2588\u2588\u2588\u2588\u2588\u2588| 7.38k/7.38k [00:00<00:00, 25.5kB/s]
100%|\u2588\u2588\u2588\u2588\u2588\u2588\u2588\u2588\u2588\u2588| 7.38k/7.38k [00:01<00:00, 6.48kB/s]
Upload successful: asset_inventory.json (7KB)
Starting upload for file locked_checkpoints.zip

  0%|          | 0.00/1.79G [00:00<?, ?B/s]
  0%|          | 16.0k/1.79G [00:00<10:26:35, 51.0kB/s]
  0%|          | 240k/1.79G [00:00<43:36, 733kB/s]     
  0%|          | 384k/1.79G [00:01<1:41:00, 316kB/s]
  0%|          | 464k/1.79G [00:01<1:37:55, 326kB/s]
  0%|          | 624k/1.79G [00:01<1:03:50, 501kB/s]
  0%|          | 736k/1.79G [00:01<1:13:16, 436kB/s]
  0%|          | 816k/1.79G [00:02<1:10:30, 453kB/s]
  0%|          | 896k/1.79G [00:02<1:06:44, 479kB/s]
  0%|          | 992k/1.79G [00:02<57:43, 553kB/s]  
  0%|          | 1.14M/1.79G [00:02<44:08, 724kB/s]
  0%|          | 1.28M/1.79G [00:02<38:06, 838kB/s]
  0%|          | 1.45M/1.79G [00:02<33:25, 955kB/s]
  0%|          | 1.66M/1.79G [00:02<26:59, 1.18MB/s]
  0%|          | 1.86M/1.79G [00:02<23:25, 1.36MB/s]
  0%|          | 2.02M/1.79G [00:03<30:16, 1.05MB/s]
  0%|          | 2.14M/1.79G [00:03<34:51, 916kB/s] 
  0%|          | 2.25M/1.79G [00:03<35:49, 891kB/s]
  0%|          | 2.41M/1.79G [00:03<32:36, 979kB/s]
  0%|          | 2.52M/1.79G [00:03<35:42, 894kB/s]
  0%|          | 2.61M/1.79G [00:03<37:12, 858kB/s]
  0%|          | 2.77M/1.79G [00:04<33:26, 954kB/s]
  0%|          | 2.88M/1.79G [00:04<39:41, 804kB/s]
  0%|          | 2.97M/1.79G [00:04<40:59, 779kB/s]
  0%|          | 3.06M/1.79G [00:04<54:44, 583kB/s]
  0%|          | 3.19M/1.79G [00:04<48:31, 657kB/s]
  0%|          | 3.45M/1.79G [00:04<30:01, 1.06MB/s]
  0%|          | 3.59M/1.79G [00:05<30:44, 1.04MB/s]
  0%|          | 3.72M/1.79G [00:05<29:44, 1.07MB/s]
  0%|          | 3.86M/1.79G [00:05<29:51, 1.07MB/s]
  0%|          | 4.00M/1.79G [00:05<27:47, 1.15MB/s]
  0%|          | 4.16M/1.79G [00:05<25:08, 1.27MB/s]
  0%|          | 4.31M/1.79G [00:05<23:42, 1.34MB/s]
  0%|          | 4.58M/1.79G [00:05<18:34, 1.72MB/s]
  0%|          | 4.75M/1.79G [00:05<19:42, 1.62MB/s]
  0%|          | 5.02M/1.79G [00:06<16:56, 1.88MB/s]
  0%|          | 5.22M/1.79G [00:06<16:25, 1.94MB/s]
  0%|          | 5.47M/1.79G [00:06<15:08, 2.10MB/s]
  0%|          | 5.75M/1.79G [00:06<14:00, 2.27MB/s]
  0%|          | 5.98M/1.79G [00:06<13:43, 2.32MB/s]
  0%|          | 6.25M/1.79G [00:06<13:18, 2.39MB/s]
  0%|          | 6.53M/1.79G [00:06<12:36, 2.53MB/s]
  0%|          | 6.80M/1.79G [00:06<12:33, 2.54MB/s]
  0%|          | 7.06M/1.79G [00:06<12:27, 2.56MB/s]
  0%|          | 7.31M/1.79G [00:06<12:28, 2.55MB/s]
  0%|          | 7.56M/1.79G [00:07<12:29, 2.55MB/s]
  0%|          | 7.91M/1.79G [00:07<11:16, 2.82MB/s]
  0%|          | 8.23M/1.79G [00:07<10:43, 2.96MB/s]
  0%|          | 8.56M/1.79G [00:07<10:20, 3.08MB/s]
  0%|          | 8.89M/1.79G [00:07<10:03, 3.16MB/s]
  1%|          | 9.23M/1.79G [00:07<09:49, 3.24MB/s]
  1%|          | 9.58M/1.79G [00:07<09:33, 3.32MB/s]
  1%|          | 9.91M/1.79G [00:07<09:31, 3.34MB/s]
  1%|          | 10.2M/1.79G [00:07<09:27, 3.36MB/s]
  1%|          | 10.6M/1.79G [00:07<09:05, 3.49MB/s]
  1%|          | 11.0M/1.79G [00:08<08:52, 3.58MB/s]
  1%|          | 11.4M/1.79G [00:08<08:27, 3.75MB/s]
  1%|          | 11.8M/1.79G [00:08<08:08, 3.90MB/s]
  1%|          | 12.2M/1.79G [00:08<08:32, 3.72MB/s]
  1%|          | 12.6M/1.79G [00:08<08:24, 3.78MB/s]
  1%|          | 13.0M/1.79G [00:08<08:07, 3.91MB/s]
  1%|          | 13.4M/1.79G [00:08<08:01, 3.95MB/s]
  1%|          | 13.8M/1.79G [00:08<07:51, 4.04MB/s]
  1%|          | 14.2M/1.79G [00:08<07:54, 4.01MB/s]
  1%|          | 14.5M/1.79G [00:09<08:02, 3.95MB/s]
  1%|          | 14.9M/1.79G [00:09<07:57, 3.98MB/s]
  1%|          | 15.3M/1.79G [00:09<08:13, 3.86MB/s]
  1%|          | 15.7M/1.79G [00:09<09:18, 3.40MB/s]
  1%|          | 16.0M/1.79G [00:09<11:19, 2.80MB/s]
  1%|          | 16.5M/1.79G [00:09<10:00, 3.16MB/s]
  1%|          | 16.8M/1.79G [00:09<11:27, 2.76MB/s]
  1%|          | 17.1M/1.79G [00:10<13:48, 2.29MB/s]
  1%|          | 17.3M/1.79G [00:10<13:59, 2.26MB/s]
  1%|          | 17.6M/1.79G [00:10<13:19, 2.38MB/s]
  1%|          | 17.9M/1.79G [00:10<12:13, 2.59MB/s]
  1%|          | 18.3M/1.79G [00:10<10:42, 2.96MB/s]
  1%|          | 18.7M/1.79G [00:10<09:52, 3.21MB/s]
  1%|          | 19.1M/1.79G [00:10<09:08, 3.46MB/s]
  1%|          | 19.5M/1.79G [00:10<08:44, 3.61MB/s]
  1%|          | 19.9M/1.79G [00:10<08:43, 3.62MB/s]
  1%|          | 20.2M/1.79G [00:11<08:38, 3.66MB/s]
  1%|          | 20.6M/1.79G [00:11<08:36, 3.67MB/s]
  1%|          | 21.0M/1.79G [00:11<08:07, 3.89MB/s]
  1%|          | 21.5M/1.79G [00:11<07:51, 4.02MB/s]
  1%|          | 21.9M/1.79G [00:11<07:37, 4.14MB/s]
  1%|          | 22.3M/1.79G [00:11<08:17, 3.81MB/s]
  1%|          | 22.7M/1.79G [00:11<09:06, 3.47MB/s]
  1%|\u258f         | 23.0M/1.79G [00:11<10:40, 2.96MB/s]
  1%|\u258f         | 23.3M/1.79G [00:11<11:05, 2.85MB/s]
  1%|\u258f         | 23.6M/1.79G [00:12<11:28, 2.75MB/s]
  1%|\u258f         | 23.9M/1.79G [00:12<11:39, 2.71MB/s]
  1%|\u258f         | 24.3M/1.79G [00:12<10:06, 3.12MB/s]
  1%|\u258f         | 24.8M/1.79G [00:12<09:03, 3.48MB/s]
  1%|\u258f         | 25.2M/1.79G [00:12<08:28, 3.72MB/s]
  1%|\u258f         | 25.6M/1.79G [00:12<08:18, 3.79MB/s]
  1%|\u258f         | 26.0M/1.79G [00:12<08:07, 3.88MB/s]
  1%|\u258f         | 26.4M/1.79G [00:12<07:49, 4.03MB/s]
  1%|\u258f         | 26.8M/1.79G [00:12<07:47, 4.04MB/s]
  1%|\u258f         | 27.2M/1.79G [00:13<07:37, 4.13MB/s]
  2%|\u258f         | 27.6M/1.79G [00:13<07:35, 4.14MB/s]
  2%|\u258f         | 28.0M/1.79G [00:13<07:29, 4.20MB/s]
  2%|\u258f         | 28.5M/1.79G [00:13<07:41, 4.10MB/s]
  2%|\u258f         | 28.9M/1.79G [00:13<07:31, 4.18MB/s]
  2%|\u258f         | 29.3M/1.79G [00:13<07:22, 4.27MB/s]
  2%|\u258f         | 29.8M/1.79G [00:13<07:14, 4.34MB/s]
  2%|\u258f         | 30.2M/1.79G [00:13<08:18, 3.78MB/s]
  2%|\u258f         | 30.6M/1.79G [00:13<07:54, 3.97MB/s]
  2%|\u258f         | 31.0M/1.79G [00:14<08:03, 3.90MB/s]
  2%|\u258f         | 31.4M/1.79G [00:14<08:05, 3.88MB/s]
  2%|\u258f         | 31.8M/1.79G [00:14<07:58, 3.93MB/s]
  2%|\u258f         | 32.2M/1.79G [00:14<08:03, 3.90MB/s]
  2%|\u258f         | 32.6M/1.79G [00:14<08:09, 3.85MB/s]
  2%|\u258f         | 32.9M/1.79G [00:14<08:08, 3.85MB/s]
  2%|\u258f         | 33.4M/1.79G [00:14<07:48, 4.02MB/s]
  2%|\u258f         | 33.8M/1.79G [00:14<07:53, 3.98MB/s]
  2%|\u258f         | 34.2M/1.79G [00:14<07:44, 4.05MB/s]
  2%|\u258f         | 34.6M/1.79G [00:14<07:45, 4.04MB/s]
  2%|\u258f         | 35.0M/1.79G [00:15<07:40, 4.09MB/s]
  2%|\u258f         | 35.4M/1.79G [00:15<07:47, 4.02MB/s]
  2%|\u258f         | 35.8M/1.79G [00:15<08:50, 3.54MB/s]
  2%|\u258f         | 36.1M/1.79G [00:15<09:49, 3.19MB/s]
  2%|\u258f         | 36.4M/1.79G [00:15<10:24, 3.01MB/s]
  2%|\u258f         | 36.8M/1.79G [00:15<10:07, 3.09MB/s]
  2%|\u258f         | 37.2M/1.79G [00:15<09:10, 3.41MB/s]
  2%|\u258f         | 37.6M/1.79G [00:15<08:39, 3.61MB/s]
  2%|\u258f         | 38.0M/1.79G [00:16<08:20, 3.76MB/s]
  2%|\u258f         | 38.4M/1.79G [00:16<08:23, 3.73MB/s]
  2%|\u258f         | 38.8M/1.79G [00:16<08:17, 3.78MB/s]
  2%|\u258f         | 39.1M/1.79G [00:16<08:51, 3.53MB/s]
  2%|\u258f         | 39.5M/1.79G [00:16<09:00, 3.47MB/s]
  2%|\u258f         | 39.8M/1.79G [00:16<09:23, 3.33MB/s]
  2%|\u258f         | 40.1M/1.79G [00:16<09:21, 3.34MB/s]
  2%|\u258f         | 40.5M/1.79G [00:16<10:19, 3.03MB/s]
  2%|\u258f         | 40.8M/1.79G [00:16<10:26, 2.99MB/s]
  2%|\u258f         | 41.1M/1.79G [00:17<10:49, 2.89MB/s]
  2%|\u258f         | 41.5M/1.79G [00:17<09:31, 3.28MB/s]
  2%|\u258f         | 41.9M/1.79G [00:17<08:48, 3.55MB/s]
  2%|\u258f         | 42.3M/1.79G [00:17<08:21, 3.73MB/s]
  2%|\u258f         | 42.8M/1.79G [00:17<07:53, 3.96MB/s]
  2%|\u258f         | 43.2M/1.79G [00:17<07:41, 4.06MB/s]
  2%|\u258f         | 43.6M/1.79G [00:17<07:27, 4.18MB/s]
  2%|\u258f         | 44.0M/1.79G [00:17<08:24, 3.71MB/s]
  2%|\u258f         | 44.4M/1.79G [00:17<08:02, 3.88MB/s]
  2%|\u258f         | 44.9M/1.79G [00:18<07:44, 4.03MB/s]
  2%|\u258f         | 45.3M/1.79G [00:18<08:06, 3.85MB/s]
  2%|\u258f         | 45.7M/1.79G [00:18<07:53, 3.95MB/s]
  3%|\u258e         | 46.1M/1.79G [00:18<07:40, 4.06MB/s]
  3%|\u258e         | 46.5M/1.79G [00:18<08:01, 3.88MB/s]
  3%|\u258e         | 46.9M/1.79G [00:18<07:58, 3.91MB/s]
  3%|\u258e         | 47.3M/1.79G [00:18<07:52, 3.95MB/s]
  3%|\u258e         | 47.7M/1.79G [00:18<07:46, 4.00MB/s]
  3%|\u258e         | 48.1M/1.79G [00:18<07:59, 3.90MB/s]
  3%|\u258e         | 48.5M/1.79G [00:18<08:01, 3.87MB/s]
  3%|\u258e         | 48.8M/1.79G [00:19<08:07, 3.83MB/s]
  3%|\u258e         | 49.2M/1.79G [00:19<08:02, 3.86MB/s]
  3%|\u258e         | 49.6M/1.79G [00:19<08:09, 3.81MB/s]
  3%|\u258e         | 50.0M/1.79G [00:19<08:47, 3.54MB/s]
  3%|\u258e         | 50.4M/1.79G [00:19<08:23, 3.70MB/s]
  3%|\u258e         | 50.8M/1.79G [00:19<08:06, 3.83MB/s]
  3%|\u258e         | 51.2M/1.79G [00:19<08:14, 3.77MB/s]
  3%|\u258e         | 51.6M/1.79G [00:19<08:06, 3.83MB/s]
  3%|\u258e         | 51.9M/1.79G [00:19<08:35, 3.61MB/s]
  3%|\u258e         | 52.3M/1.79G [00:20<08:17, 3.75MB/s]
  3%|\u258e         | 52.7M/1.79G [00:20<08:23, 3.70MB/s]
  3%|\u258e         | 53.1M/1.79G [00:20<08:49, 3.52MB/s]
  3%|\u258e         | 53.4M/1.79G [00:20<08:50, 3.51MB/s]
  3%|\u258e         | 53.9M/1.79G [00:20<08:19, 3.73MB/s]
  3%|\u258e         | 54.2M/1.79G [00:20<08:23, 3.70MB/s]
  3%|\u258e         | 54.6M/1.79G [00:20<08:02, 3.86MB/s]
  3%|\u258e         | 55.0M/1.79G [00:20<08:37, 3.60MB/s]
  3%|\u258e         | 55.4M/1.79G [00:20<08:35, 3.61MB/s]
  3%|\u258e         | 55.7M/1.79G [00:21<10:10, 3.05MB/s]
  3%|\u258e         | 56.0M/1.79G [00:21<11:03, 2.80MB/s]
  3%|\u258e         | 56.3M/1.79G [00:21<11:19, 2.74MB/s]
  3%|\u258e         | 56.6M/1.79G [00:21<11:02, 2.81MB/s]
  3%|\u258e         | 56.9M/1.79G [00:21<10:54, 2.84MB/s]
  3%|\u258e         | 57.3M/1.79G [00:21<10:12, 3.03MB/s]
  3%|\u258e         | 57.7M/1.79G [00:21<09:12, 3.36MB/s]
  3%|\u258e         | 58.1M/1.79G [00:21<08:28, 3.65MB/s]
  3%|\u258e         | 58.5M/1.79G [00:21<07:59, 3.87MB/s]
  3%|\u258e         | 59.0M/1.79G [00:22<07:40, 4.03MB/s]
  3%|\u258e         | 59.4M/1.79G [00:22<07:33, 4.09MB/s]
  3%|\u258e         | 59.8M/1.79G [00:22<07:29, 4.13MB/s]
  3%|\u258e         | 60.2M/1.79G [00:22<07:41, 4.01MB/s]
  3%|\u258e         | 60.6M/1.79G [00:22<07:43, 4.00MB/s]
  3%|\u258e         | 61.0M/1.79G [00:22<07:40, 4.03MB/s]
  3%|\u258e         | 61.4M/1.79G [00:22<07:45, 3.98MB/s]
  3%|\u258e         | 61.8M/1.79G [00:22<08:12, 3.76MB/s]
  3%|\u258e         | 62.2M/1.79G [00:22<07:57, 3.88MB/s]
  3%|\u258e         | 62.5M/1.79G [00:23<08:02, 3.84MB/s]
  3%|\u258e         | 63.0M/1.79G [00:23<07:46, 3.97MB/s]
  3%|\u258e         | 63.4M/1.79G [00:23<07:34, 4.07MB/s]
  3%|\u258e         | 63.8M/1.79G [00:23<07:46, 3.97MB/s]
  4%|\u258e         | 64.2M/1.79G [00:23<07:31, 4.10MB/s]
  4%|\u258e         | 64.6M/1.79G [00:23<07:26, 4.14MB/s]
  4%|\u258e         | 65.0M/1.79G [00:23<07:24, 4.16MB/s]
  4%|\u258e         | 65.4M/1.79G [00:23<07:58, 3.87MB/s]
  4%|\u258e         | 65.8M/1.79G [00:23<07:43, 3.99MB/s]
  4%|\u258e         | 66.2M/1.79G [00:24<07:34, 4.06MB/s]
  4%|\u258e         | 66.7M/1.79G [00:24<07:31, 4.09MB/s]
  4%|\u258e         | 67.1M/1.79G [00:24<07:25, 4.15MB/s]
  4%|\u258e         | 67.5M/1.79G [00:24<07:18, 4.21MB/s]
  4%|\u258e         | 67.9M/1.79G [00:24<07:18, 4.22MB/s]
  4%|\u258e         | 68.3M/1.79G [00:24<07:16, 4.23MB/s]
  4%|\u258d         | 68.7M/1.79G [00:24<07:32, 4.08MB/s]
  4%|\u258d         | 69.1M/1.79G [00:24<07:22, 4.17MB/s]
  4%|\u258d         | 69.6M/1.79G [00:24<07:16, 4.22MB/s]
  4%|\u258d         | 70.0M/1.79G [00:25<08:36, 3.57MB/s]
  4%|\u258d         | 70.4M/1.79G [00:25<08:07, 3.79MB/s]
  4%|\u258d         | 70.8M/1.79G [00:25<07:56, 3.87MB/s]
  4%|\u258d         | 71.2M/1.79G [00:25<07:40, 4.00MB/s]
  4%|\u258d         | 71.6M/1.79G [00:25<07:24, 4.14MB/s]
  4%|\u258d         | 72.0M/1.79G [00:25<07:49, 3.92MB/s]
  4%|\u258d         | 72.5M/1.79G [00:25<07:33, 4.06MB/s]
  4%|\u258d         | 72.9M/1.79G [00:25<07:23, 4.16MB/s]
  4%|\u258d         | 73.3M/1.79G [00:25<07:16, 4.21MB/s]
  4%|\u258d         | 73.8M/1.79G [00:25<07:07, 4.31MB/s]
  4%|\u258d         | 74.2M/1.79G [00:26<07:07, 4.31MB/s]
  4%|\u258d         | 74.6M/1.79G [00:26<07:07, 4.31MB/s]
  4%|\u258d         | 75.0M/1.79G [00:26<07:17, 4.20MB/s]
  4%|\u258d         | 75.4M/1.79G [00:26<07:18, 4.19MB/s]
  4%|\u258d         | 75.8M/1.79G [00:26<07:26, 4.11MB/s]
  4%|\u258d         | 76.2M/1.79G [00:26<07:21, 4.17MB/s]
  4%|\u258d         | 76.7M/1.79G [00:26<07:10, 4.27MB/s]
  4%|\u258d         | 77.1M/1.79G [00:26<07:14, 4.23MB/s]
  4%|\u258d         | 77.5M/1.79G [00:26<07:08, 4.29MB/s]
  4%|\u258d         | 78.0M/1.79G [00:26<07:30, 4.07MB/s]
  4%|\u258d         | 78.4M/1.79G [00:27<07:37, 4.01MB/s]
  4%|\u258d         | 78.8M/1.79G [00:27<07:36, 4.02MB/s]
  4%|\u258d         | 79.2M/1.79G [00:27<07:40, 3.99MB/s]
  4%|\u258d         | 79.6M/1.79G [00:27<07:35, 4.03MB/s]
  4%|\u258d         | 80.0M/1.79G [00:27<07:29, 4.08MB/s]
  4%|\u258d         | 80.4M/1.79G [00:27<07:57, 3.84MB/s]
  4%|\u258d         | 80.8M/1.79G [00:27<07:48, 3.91MB/s]
  4%|\u258d         | 81.2M/1.79G [00:27<07:37, 4.01MB/s]
  4%|\u258d         | 81.6M/1.79G [00:27<07:33, 4.04MB/s]
  4%|\u258d         | 82.0M/1.79G [00:28<07:45, 3.94MB/s]
  5%|\u258d         | 82.4M/1.79G [00:28<07:49, 3.90MB/s]
  5%|\u258d         | 82.8M/1.79G [00:28<07:50, 3.89MB/s]
  5%|\u258d         | 83.2M/1.79G [00:28<07:39, 3.98MB/s]
  5%|\u258d         | 83.6M/1.79G [00:28<07:32, 4.05MB/s]
  5%|\u258d         | 84.0M/1.79G [00:28<07:27, 4.09MB/s]
  5%|\u258d         | 84.4M/1.79G [00:28<07:26, 4.10MB/s]
  5%|\u258d         | 84.8M/1.79G [00:28<07:35, 4.01MB/s]
  5%|\u258d         | 85.2M/1.79G [00:28<07:32, 4.04MB/s]
  5%|\u258d         | 85.6M/1.79G [00:29<07:25, 4.10MB/s]
  5%|\u258d         | 86.0M/1.79G [00:29<07:41, 3.96MB/s]
  5%|\u258d         | 86.4M/1.79G [00:29<07:40, 3.97MB/s]
  5%|\u258d         | 86.8M/1.79G [00:29<08:15, 3.68MB/s]
  5%|\u258d         | 87.2M/1.79G [00:29<08:29, 3.59MB/s]
  5%|\u258d         | 87.6M/1.79G [00:29<08:18, 3.67MB/s]
  5%|\u258d         | 87.9M/1.79G [00:29<08:15, 3.68MB/s]
  5%|\u258d         | 88.3M/1.79G [00:29<08:20, 3.65MB/s]
  5%|\u258d         | 88.7M/1.79G [00:29<07:49, 3.89MB/s]
  5%|\u258d         | 89.1M/1.79G [00:29<07:43, 3.94MB/s]
  5%|\u258d         | 89.5M/1.79G [00:30<07:41, 3.95MB/s]
  5%|\u258d         | 89.9M/1.79G [00:30<07:31, 4.04MB/s]
  5%|\u258d         | 90.3M/1.79G [00:30<07:30, 4.05MB/s]
  5%|\u258d         | 90.8M/1.79G [00:30<07:18, 4.15MB/s]
  5%|\u258d         | 91.2M/1.79G [00:30<07:11, 4.22MB/s]
  5%|\u258c         | 91.6M/1.79G [00:30<07:31, 4.03MB/s]
  5%|\u258c         | 92.0M/1.79G [00:30<07:19, 4.14MB/s]
  5%|\u258c         | 92.4M/1.79G [00:30<07:11, 4.22MB/s]
  5%|\u258c         | 92.9M/1.79G [00:30<07:07, 4.26MB/s]
  5%|\u258c         | 93.3M/1.79G [00:31<07:15, 4.18MB/s]
  5%|\u258c         | 93.7M/1.79G [00:31<07:04, 4.28MB/s]
  5%|\u258c         | 94.1M/1.79G [00:31<07:16, 4.17MB/s]
  5%|\u258c         | 94.5M/1.79G [00:31<07:27, 4.06MB/s]
  5%|\u258c         | 95.0M/1.79G [00:31<07:19, 4.14MB/s]
  5%|\u258c         | 95.4M/1.79G [00:31<07:24, 4.09MB/s]
  5%|\u258c         | 95.8M/1.79G [00:31<07:36, 3.98MB/s]
  5%|\u258c         | 96.2M/1.79G [00:31<07:40, 3.94MB/s]
  5%|\u258c         | 96.6M/1.79G [00:31<07:30, 4.03MB/s]
  5%|\u258c         | 97.0M/1.79G [00:31<07:36, 3.98MB/s]
  5%|\u258c         | 97.4M/1.79G [00:32<07:26, 4.07MB/s]
  5%|\u258c         | 97.8M/1.79G [00:32<07:37, 3.97MB/s]
  5%|\u258c         | 98.2M/1.79G [00:32<07:29, 4.04MB/s]
  5%|\u258c         | 98.6M/1.79G [00:32<07:35, 3.98MB/s]
  5%|\u258c         | 99.0M/1.79G [00:32<07:26, 4.06MB/s]
  5%|\u258c         | 99.4M/1.79G [00:32<07:16, 4.16MB/s]
  5%|\u258c         | 99.8M/1.79G [00:32<07:14, 4.17MB/s]
  5%|\u258c         | 100M/1.79G [00:32<07:37, 3.96MB/s] 
  6%|\u258c         | 101M/1.79G [00:32<08:10, 3.69MB/s]
  6%|\u258c         | 101M/1.79G [00:33<08:04, 3.74MB/s]
  6%|\u258c         | 101M/1.79G [00:33<07:42, 3.91MB/s]
  6%|\u258c         | 102M/1.79G [00:33<07:38, 3.95MB/s]
  6%|\u258c         | 102M/1.79G [00:33<08:17, 3.64MB/s]
  6%|\u258c         | 103M/1.79G [00:33<07:51, 3.84MB/s]
  6%|\u258c         | 103M/1.79G [00:33<07:34, 3.98MB/s]
  6%|\u258c         | 103M/1.79G [00:33<07:36, 3.96MB/s]
  6%|\u258c         | 104M/1.79G [00:33<07:27, 4.05MB/s]
  6%|\u258c         | 104M/1.79G [00:33<07:17, 4.13MB/s]
  6%|\u258c         | 105M/1.79G [00:34<07:15, 4.15MB/s]
  6%|\u258c         | 105M/1.79G [00:34<07:46, 3.87MB/s]
  6%|\u258c         | 105M/1.79G [00:34<07:53, 3.82MB/s]
  6%|\u258c         | 106M/1.79G [00:34<07:47, 3.87MB/s]
  6%|\u258c         | 106M/1.79G [00:34<07:59, 3.76MB/s]
  6%|\u258c         | 107M/1.79G [00:34<07:50, 3.84MB/s]
  6%|\u258c         | 107M/1.79G [00:34<07:36, 3.96MB/s]
  6%|\u258c         | 107M/1.79G [00:34<07:26, 4.04MB/s]
  6%|\u258c         | 108M/1.79G [00:34<07:36, 3.95MB/s]
  6%|\u258c         | 108M/1.79G [00:34<07:38, 3.93MB/s]
  6%|\u258c         | 109M/1.79G [00:35<07:39, 3.93MB/s]
  6%|\u258c         | 109M/1.79G [00:35<07:29, 4.02MB/s]
  6%|\u258c         | 109M/1.79G [00:35<07:22, 4.08MB/s]
  6%|\u258c         | 110M/1.79G [00:35<07:25, 4.04MB/s]
  6%|\u258c         | 110M/1.79G [00:35<07:25, 4.05MB/s]
  6%|\u258c         | 111M/1.79G [00:35<07:33, 3.97MB/s]
  6%|\u258c         | 111M/1.79G [00:35<07:48, 3.85MB/s]
  6%|\u258c         | 111M/1.79G [00:35<07:48, 3.84MB/s]
  6%|\u258c         | 112M/1.79G [00:35<07:29, 4.00MB/s]
  6%|\u258c         | 112M/1.79G [00:36<07:24, 4.05MB/s]
  6%|\u258c         | 113M/1.79G [00:36<07:16, 4.12MB/s]
  6%|\u258c         | 113M/1.79G [00:36<07:08, 4.20MB/s]
  6%|\u258c         | 113M/1.79G [00:36<07:11, 4.16MB/s]
  6%|\u258c         | 114M/1.79G [00:36<07:26, 4.03MB/s]
  6%|\u258c         | 114M/1.79G [00:36<07:42, 3.89MB/s]
  6%|\u258b         | 115M/1.79G [00:36<07:55, 3.78MB/s]
  6%|\u258b         | 115M/1.79G [00:36<07:56, 3.78MB/s]
  6%|\u258b         | 115M/1.79G [00:36<07:51, 3.81MB/s]
  6%|\u258b         | 116M/1.79G [00:36<07:42, 3.89MB/s]
  6%|\u258b         | 116M/1.79G [00:37<07:57, 3.76MB/s]
  6%|\u258b         | 117M/1.79G [00:37<07:41, 3.89MB/s]
  6%|\u258b         | 117M/1.79G [00:37<07:24, 4.04MB/s]
  6%|\u258b         | 117M/1.79G [00:37<07:13, 4.14MB/s]
  6%|\u258b         | 118M/1.79G [00:37<07:18, 4.09MB/s]
  6%|\u258b         | 118M/1.79G [00:37<07:12, 4.15MB/s]
  6%|\u258b         | 119M/1.79G [00:37<07:16, 4.11MB/s]
  7%|\u258b         | 119M/1.79G [00:37<07:53, 3.79MB/s]
  7%|\u258b         | 119M/1.79G [00:37<07:43, 3.86MB/s]
  7%|\u258b         | 120M/1.79G [00:38<09:29, 3.15MB/s]
  7%|\u258b         | 120M/1.79G [00:38<08:54, 3.35MB/s]
  7%|\u258b         | 121M/1.79G [00:38<09:45, 3.06MB/s]
  7%|\u258b         | 121M/1.79G [00:38<09:22, 3.19MB/s]
  7%|\u258b         | 121M/1.79G [00:38<08:36, 3.47MB/s]
  7%|\u258b         | 122M/1.79G [00:38<08:21, 3.57MB/s]
  7%|\u258b         | 122M/1.79G [00:38<07:55, 3.76MB/s]
  7%|\u258b         | 122M/1.79G [00:38<07:53, 3.78MB/s]
  7%|\u258b         | 123M/1.79G [00:38<07:51, 3.80MB/s]
  7%|\u258b         | 123M/1.79G [00:39<07:35, 3.93MB/s]
  7%|\u258b         | 124M/1.79G [00:39<07:41, 3.88MB/s]
  7%|\u258b         | 124M/1.79G [00:39<07:53, 3.77MB/s]
  7%|\u258b         | 124M/1.79G [00:39<07:39, 3.89MB/s]
  7%|\u258b         | 125M/1.79G [00:39<09:07, 3.26MB/s]
  7%|\u258b         | 125M/1.79G [00:39<08:23, 3.55MB/s]
  7%|\u258b         | 126M/1.79G [00:39<09:38, 3.09MB/s]
  7%|\u258b         | 126M/1.79G [00:39<09:17, 3.20MB/s]
  7%|\u258b         | 126M/1.79G [00:40<08:42, 3.41MB/s]
  7%|\u258b         | 127M/1.79G [00:40<08:26, 3.52MB/s]
  7%|\u258b         | 127M/1.79G [00:40<08:07, 3.66MB/s]
  7%|\u258b         | 127M/1.79G [00:40<08:26, 3.53MB/s]
  7%|\u258b         | 128M/1.79G [00:40<08:27, 3.51MB/s]
  7%|\u258b         | 128M/1.79G [00:40<08:20, 3.56MB/s]
  7%|\u258b         | 129M/1.79G [00:40<08:24, 3.54MB/s]
  7%|\u258b         | 129M/1.79G [00:40<08:19, 3.57MB/s]
  7%|\u258b         | 129M/1.79G [00:40<08:10, 3.63MB/s]
  7%|\u258b         | 130M/1.79G [00:41<08:13, 3.61MB/s]
  7%|\u258b         | 130M/1.79G [00:41<08:36, 3.45MB/s]
  7%|\u258b         | 130M/1.79G [00:41<08:28, 3.50MB/s]
  7%|\u258b         | 131M/1.79G [00:41<08:33, 3.47MB/s]
  7%|\u258b         | 131M/1.79G [00:41<08:23, 3.54MB/s]
  7%|\u258b         | 131M/1.79G [00:41<08:21, 3.55MB/s]
  7%|\u258b         | 132M/1.79G [00:41<08:37, 3.44MB/s]
  7%|\u258b         | 132M/1.79G [00:41<08:28, 3.50MB/s]
  7%|\u258b         | 133M/1.79G [00:41<08:11, 3.62MB/s]
  7%|\u258b         | 133M/1.79G [00:41<08:15, 3.59MB/s]
  7%|\u258b         | 133M/1.79G [00:42<08:03, 3.68MB/s]
  7%|\u258b         | 134M/1.79G [00:42<07:40, 3.86MB/s]
  7%|\u258b         | 134M/1.79G [00:42<07:51, 3.77MB/s]
  7%|\u258b         | 134M/1.79G [00:42<07:39, 3.86MB/s]
  7%|\u258b         | 135M/1.79G [00:42<07:29, 3.95MB/s]
  7%|\u258b         | 135M/1.79G [00:42<07:42, 3.84MB/s]
  7%|\u258b         | 136M/1.79G [00:42<07:37, 3.88MB/s]
  7%|\u258b         | 136M/1.79G [00:42<07:30, 3.94MB/s]
  7%|\u258b         | 136M/1.79G [00:42<08:09, 3.62MB/s]
  7%|\u258b         | 137M/1.79G [00:43<07:50, 3.77MB/s]
  8%|\u258a         | 137M/1.79G [00:43<07:43, 3.83MB/s]
  8%|\u258a         | 138M/1.79G [00:43<07:54, 3.74MB/s]
  8%|\u258a         | 138M/1.79G [00:43<08:15, 3.57MB/s]
  8%|\u258a         | 138M/1.79G [00:43<09:00, 3.28MB/s]
  8%|\u258a         | 139M/1.79G [00:43<08:18, 3.55MB/s]
  8%|\u258a         | 139M/1.79G [00:43<07:56, 3.72MB/s]
  8%|\u258a         | 140M/1.79G [00:43<07:48, 3.78MB/s]
  8%|\u258a         | 140M/1.79G [00:43<07:44, 3.81MB/s]
  8%|\u258a         | 140M/1.79G [00:44<07:30, 3.93MB/s]
  8%|\u258a         | 141M/1.79G [00:44<08:06, 3.64MB/s]
  8%|\u258a         | 141M/1.79G [00:44<08:15, 3.57MB/s]
  8%|\u258a         | 141M/1.79G [00:44<08:38, 3.41MB/s]
  8%|\u258a         | 142M/1.79G [00:44<08:49, 3.34MB/s]
  8%|\u258a         | 142M/1.79G [00:44<08:08, 3.62MB/s]
  8%|\u258a         | 143M/1.79G [00:44<08:18, 3.54MB/s]
  8%|\u258a         | 143M/1.79G [00:44<07:56, 3.71MB/s]
  8%|\u258a         | 143M/1.79G [00:44<07:38, 3.85MB/s]
  8%|\u258a         | 144M/1.79G [00:45<07:27, 3.95MB/s]
  8%|\u258a         | 144M/1.79G [00:45<09:37, 3.06MB/s]
  8%|\u258a         | 145M/1.79G [00:45<09:48, 3.00MB/s]
  8%|\u258a         | 145M/1.79G [00:45<11:35, 2.54MB/s]
  8%|\u258a         | 145M/1.79G [00:45<12:15, 2.40MB/s]
  8%|\u258a         | 145M/1.79G [00:45<11:22, 2.59MB/s]
  8%|\u258a         | 146M/1.79G [00:45<09:52, 2.98MB/s]
  8%|\u258a         | 146M/1.79G [00:46<08:47, 3.34MB/s]
  8%|\u258a         | 147M/1.79G [00:46<08:36, 3.42MB/s]
  8%|\u258a         | 147M/1.79G [00:46<08:13, 3.57MB/s]
  8%|\u258a         | 147M/1.79G [00:46<08:06, 3.63MB/s]
  8%|\u258a         | 148M/1.79G [00:46<08:15, 3.56MB/s]
  8%|\u258a         | 148M/1.79G [00:46<08:25, 3.49MB/s]
  8%|\u258a         | 148M/1.79G [00:46<08:14, 3.56MB/s]
  8%|\u258a         | 149M/1.79G [00:46<08:19, 3.53MB/s]
  8%|\u258a         | 149M/1.79G [00:46<07:58, 3.68MB/s]
  8%|\u258a         | 150M/1.79G [00:46<07:45, 3.78MB/s]
  8%|\u258a         | 150M/1.79G [00:47<07:37, 3.85MB/s]
  8%|\u258a         | 150M/1.79G [00:47<07:38, 3.84MB/s]
  8%|\u258a         | 151M/1.79G [00:47<07:36, 3.85MB/s]
  8%|\u258a         | 151M/1.79G [00:47<07:59, 3.67MB/s]
  8%|\u258a         | 152M/1.79G [00:47<07:50, 3.74MB/s]
  8%|\u258a         | 152M/1.79G [00:47<07:54, 3.70MB/s]
  8%|\u258a         | 152M/1.79G [00:47<07:55, 3.70MB/s]
  8%|\u258a         | 153M/1.79G [00:47<07:51, 3.73MB/s]
  8%|\u258a         | 153M/1.79G [00:47<08:46, 3.34MB/s]
  8%|\u258a         | 153M/1.79G [00:48<08:00, 3.66MB/s]
  8%|\u258a         | 154M/1.79G [00:48<08:51, 3.31MB/s]
  8%|\u258a         | 154M/1.79G [00:48<08:13, 3.56MB/s]
  8%|\u258a         | 155M/1.79G [00:48<07:55, 3.69MB/s]
  8%|\u258a         | 155M/1.79G [00:48<07:50, 3.73MB/s]
  8%|\u258a         | 155M/1.79G [00:48<07:30, 3.90MB/s]
  9%|\u258a         | 156M/1.79G [00:48<07:44, 3.78MB/s]
  9%|\u258a         | 156M/1.79G [00:48<07:39, 3.82MB/s]
  9%|\u258a         | 157M/1.79G [00:48<07:47, 3.75MB/s]
  9%|\u258a         | 157M/1.79G [00:49<08:00, 3.65MB/s]
  9%|\u258a         | 157M/1.79G [00:49<08:04, 3.62MB/s]
  9%|\u258a         | 158M/1.79G [00:49<07:45, 3.77MB/s]
  9%|\u258a         | 158M/1.79G [00:49<07:45, 3.76MB/s]
  9%|\u258a         | 159M/1.79G [00:49<07:19, 3.98MB/s]
  9%|\u258a         | 159M/1.79G [00:49<07:02, 4.14MB/s]
  9%|\u258a         | 159M/1.79G [00:49<07:04, 4.12MB/s]
  9%|\u258a         | 160M/1.79G [00:49<07:00, 4.16MB/s]
  9%|\u2589         | 160M/1.79G [00:49<07:44, 3.76MB/s]
  9%|\u2589         | 161M/1.79G [00:50<08:16, 3.52MB/s]
  9%|\u2589         | 161M/1.79G [00:50<07:54, 3.69MB/s]
  9%|\u2589         | 161M/1.79G [00:50<07:46, 3.75MB/s]
  9%|\u2589         | 162M/1.79G [00:50<07:41, 3.79MB/s]
  9%|\u2589         | 162M/1.79G [00:50<07:32, 3.86MB/s]
  9%|\u2589         | 163M/1.79G [00:50<07:34, 3.85MB/s]
  9%|\u2589         | 163M/1.79G [00:50<07:43, 3.77MB/s]
  9%|\u2589         | 163M/1.79G [00:50<07:21, 3.96MB/s]
  9%|\u2589         | 164M/1.79G [00:50<07:58, 3.65MB/s]
  9%|\u2589         | 164M/1.79G [00:51<07:33, 3.85MB/s]
  9%|\u2589         | 165M/1.79G [00:51<07:22, 3.94MB/s]
  9%|\u2589         | 165M/1.79G [00:51<07:22, 3.95MB/s]
  9%|\u2589         | 165M/1.79G [00:51<07:29, 3.88MB/s]
  9%|\u2589         | 166M/1.79G [00:51<07:15, 4.00MB/s]
  9%|\u2589         | 166M/1.79G [00:51<07:32, 3.85MB/s]
  9%|\u2589         | 167M/1.79G [00:51<07:36, 3.82MB/s]
  9%|\u2589         | 167M/1.79G [00:51<07:48, 3.72MB/s]
  9%|\u2589         | 167M/1.79G [00:51<07:18, 3.98MB/s]
  9%|\u2589         | 168M/1.79G [00:51<07:20, 3.95MB/s]
  9%|\u2589         | 168M/1.79G [00:52<07:29, 3.88MB/s]
  9%|\u2589         | 169M/1.79G [00:52<07:08, 4.06MB/s]
  9%|\u2589         | 169M/1.79G [00:52<07:03, 4.11MB/s]
  9%|\u2589         | 169M/1.79G [00:52<07:45, 3.74MB/s]
  9%|\u2589         | 170M/1.79G [00:52<08:36, 3.37MB/s]
  9%|\u2589         | 170M/1.79G [00:52<08:16, 3.50MB/s]
  9%|\u2589         | 171M/1.79G [00:52<08:10, 3.55MB/s]
  9%|\u2589         | 171M/1.79G [00:52<07:33, 3.83MB/s]
  9%|\u2589         | 171M/1.79G [00:53<07:49, 3.70MB/s]
  9%|\u2589         | 172M/1.79G [00:53<07:24, 3.91MB/s]
  9%|\u2589         | 172M/1.79G [00:53<07:15, 3.99MB/s]
  9%|\u2589         | 173M/1.79G [00:53<07:17, 3.97MB/s]
  9%|\u2589         | 173M/1.79G [00:53<07:17, 3.97MB/s]
  9%|\u2589         | 173M/1.79G [00:53<07:43, 3.74MB/s]
 10%|\u2589         | 174M/1.79G [00:53<08:01, 3.60MB/s]
 10%|\u2589         | 174M/1.79G [00:53<07:44, 3.74MB/s]
 10%|\u2589         | 175M/1.79G [00:53<07:46, 3.72MB/s]
 10%|\u2589         | 175M/1.79G [00:53<07:56, 3.64MB/s]
 10%|\u2589         | 175M/1.79G [00:54<07:35, 3.81MB/s]
 10%|\u2589         | 176M/1.79G [00:54<07:51, 3.68MB/s]
 10%|\u2589         | 176M/1.79G [00:54<07:47, 3.71MB/s]
 10%|\u2589         | 176M/1.79G [00:54<07:23, 3.90MB/s]
 10%|\u2589         | 177M/1.79G [00:54<07:18, 3.95MB/s]
 10%|\u2589         | 177M/1.79G [00:54<07:09, 4.03MB/s]
 10%|\u2589         | 178M/1.79G [00:54<07:24, 3.89MB/s]
 10%|\u2589         | 178M/1.79G [00:54<07:45, 3.72MB/s]
 10%|\u2589         | 178M/1.79G [00:54<08:18, 3.47MB/s]
 10%|\u2589         | 179M/1.79G [00:55<08:03, 3.58MB/s]
 10%|\u2589         | 179M/1.79G [00:55<09:03, 3.19MB/s]
 10%|\u2589         | 180M/1.79G [00:55<08:27, 3.41MB/s]
 10%|\u2589         | 180M/1.79G [00:55<08:09, 3.53MB/s]
 10%|\u2589         | 180M/1.79G [00:55<07:48, 3.69MB/s]
 10%|\u2589         | 181M/1.79G [00:55<08:17, 3.47MB/s]
 10%|\u2589         | 181M/1.79G [00:55<08:14, 3.50MB/s]
 10%|\u2589         | 181M/1.79G [00:55<08:05, 3.56MB/s]
 10%|\u2589         | 182M/1.79G [00:55<07:53, 3.64MB/s]
 10%|\u2589         | 182M/1.79G [00:56<07:49, 3.67MB/s]
 10%|\u2589         | 183M/1.79G [00:56<07:36, 3.78MB/s]
 10%|\u2589         | 183M/1.79G [00:56<07:32, 3.82MB/s]
 10%|\u2588         | 183M/1.79G [00:56<09:24, 3.06MB/s]
 10%|\u2588         | 184M/1.79G [00:56<08:35, 3.34MB/s]
 10%|\u2588         | 184M/1.79G [00:56<10:08, 2.83MB/s]
 10%|\u2588         | 184M/1.79G [00:56<09:06, 3.16MB/s]
 10%|\u2588         | 185M/1.79G [00:56<08:25, 3.41MB/s]
 10%|\u2588         | 185M/1.79G [00:57<07:50, 3.66MB/s]
 10%|\u2588         | 186M/1.79G [00:57<07:57, 3.61MB/s]
 10%|\u2588         | 186M/1.79G [00:57<07:55, 3.62MB/s]
 10%|\u2588         | 186M/1.79G [00:57<07:37, 3.76MB/s]
 10%|\u2588         | 187M/1.79G [00:57<07:13, 3.97MB/s]
 10%|\u2588         | 187M/1.79G [00:57<06:52, 4.17MB/s]
 10%|\u2588         | 188M/1.79G [00:57<06:51, 4.18MB/s]
 10%|\u2588         | 188M/1.79G [00:57<06:36, 4.34MB/s]
 10%|\u2588         | 189M/1.79G [00:57<06:33, 4.37MB/s]
 10%|\u2588         | 189M/1.79G [00:57<06:53, 4.16MB/s]
 10%|\u2588         | 189M/1.79G [00:58<06:42, 4.27MB/s]
 10%|\u2588         | 190M/1.79G [00:58<06:50, 4.18MB/s]
 10%|\u2588         | 190M/1.79G [00:58<06:56, 4.13MB/s]
 10%|\u2588         | 191M/1.79G [00:58<06:44, 4.25MB/s]
 10%|\u2588         | 191M/1.79G [00:58<06:42, 4.27MB/s]
 10%|\u2588         | 192M/1.79G [00:58<06:34, 4.35MB/s]
 11%|\u2588         | 192M/1.79G [00:58<06:32, 4.37MB/s]
 11%|\u2588         | 192M/1.79G [00:58<06:34, 4.35MB/s]
 11%|\u2588         | 193M/1.79G [00:58<06:24, 4.46MB/s]
 11%|\u2588         | 193M/1.79G [00:59<06:49, 4.19MB/s]
 11%|\u2588         | 194M/1.79G [00:59<06:50, 4.18MB/s]
 11%|\u2588         | 194M/1.79G [00:59<06:45, 4.23MB/s]
 11%|\u2588         | 195M/1.79G [00:59<06:53, 4.15MB/s]
 11%|\u2588         | 195M/1.79G [00:59<07:30, 3.80MB/s]
 11%|\u2588         | 195M/1.79G [00:59<07:04, 4.04MB/s]
 11%|\u2588         | 196M/1.79G [00:59<06:56, 4.11MB/s]
 11%|\u2588         | 196M/1.79G [00:59<06:49, 4.18MB/s]
 11%|\u2588         | 197M/1.79G [00:59<06:54, 4.13MB/s]
 11%|\u2588         | 197M/1.79G [01:00<06:48, 4.19MB/s]
 11%|\u2588         | 198M/1.79G [01:00<06:34, 4.34MB/s]
 11%|\u2588         | 198M/1.79G [01:00<06:37, 4.30MB/s]
 11%|\u2588         | 198M/1.79G [01:00<06:53, 4.14MB/s]
 11%|\u2588         | 199M/1.79G [01:00<07:07, 4.00MB/s]
 11%|\u2588         | 199M/1.79G [01:00<06:53, 4.13MB/s]
 11%|\u2588         | 200M/1.79G [01:00<06:41, 4.25MB/s]
 11%|\u2588         | 200M/1.79G [01:00<06:40, 4.26MB/s]
 11%|\u2588         | 201M/1.79G [01:00<06:38, 4.28MB/s]
 11%|\u2588         | 201M/1.79G [01:00<06:35, 4.32MB/s]
 11%|\u2588         | 202M/1.79G [01:01<06:20, 4.48MB/s]
 11%|\u2588         | 202M/1.79G [01:01<06:16, 4.53MB/s]
 11%|\u2588         | 202M/1.79G [01:01<06:20, 4.48MB/s]
 11%|\u2588         | 203M/1.79G [01:01<06:38, 4.28MB/s]
 11%|\u2588         | 203M/1.79G [01:01<06:37, 4.29MB/s]
 11%|\u2588         | 204M/1.79G [01:01<06:40, 4.25MB/s]
 11%|\u2588         | 204M/1.79G [01:01<06:51, 4.14MB/s]
 11%|\u2588         | 204M/1.79G [01:01<06:53, 4.12MB/s]
 11%|\u2588         | 205M/1.79G [01:01<06:46, 4.19MB/s]
 11%|\u2588         | 205M/1.79G [01:02<06:36, 4.29MB/s]
 11%|\u2588\u258f        | 206M/1.79G [01:02<06:28, 4.38MB/s]
 11%|\u2588\u258f        | 206M/1.79G [01:02<06:27, 4.39MB/s]
 11%|\u2588\u258f        | 207M/1.79G [01:02<06:23, 4.43MB/s]
 11%|\u2588\u258f        | 207M/1.79G [01:02<06:21, 4.46MB/s]
 11%|\u2588\u258f        | 208M/1.79G [01:02<06:16, 4.52MB/s]
 11%|\u2588\u258f        | 208M/1.79G [01:02<06:10, 4.58MB/s]
 11%|\u2588\u258f        | 208M/1.79G [01:02<06:16, 4.51MB/s]
 11%|\u2588\u258f        | 209M/1.79G [01:02<06:15, 4.52MB/s]
 11%|\u2588\u258f        | 209M/1.79G [01:02<06:20, 4.46MB/s]
 11%|\u2588\u258f        | 210M/1.79G [01:03<07:18, 3.87MB/s]
 11%|\u2588\u258f        | 210M/1.79G [01:03<06:56, 4.08MB/s]
 12%|\u2588\u258f        | 211M/1.79G [01:03<06:43, 4.21MB/s]
 12%|\u2588\u258f        | 211M/1.79G [01:03<06:30, 4.35MB/s]
 12%|\u2588\u258f        | 212M/1.79G [01:03<06:18, 4.48MB/s]
 12%|\u2588\u258f        | 212M/1.79G [01:03<06:26, 4.39MB/s]
 12%|\u2588\u258f        | 213M/1.79G [01:03<06:19, 4.47MB/s]
 12%|\u2588\u258f        | 213M/1.79G [01:03<06:13, 4.54MB/s]
 12%|\u2588\u258f        | 213M/1.79G [01:03<06:16, 4.50MB/s]
 12%|\u2588\u258f        | 214M/1.79G [01:04<06:09, 4.59MB/s]
 12%|\u2588\u258f        | 214M/1.79G [01:04<06:03, 4.66MB/s]
 12%|\u2588\u258f        | 215M/1.79G [01:04<06:06, 4.62MB/s]
 12%|\u2588\u258f        | 215M/1.79G [01:04<06:06, 4.62MB/s]
 12%|\u2588\u258f        | 216M/1.79G [01:04<06:03, 4.65MB/s]
 12%|\u2588\u258f        | 216M/1.79G [01:04<06:02, 4.67MB/s]
 12%|\u2588\u258f        | 217M/1.79G [01:04<06:03, 4.65MB/s]
 12%|\u2588\u258f        | 217M/1.79G [01:04<06:08, 4.58MB/s]
 12%|\u2588\u258f        | 218M/1.79G [01:04<06:07, 4.60MB/s]
 12%|\u2588\u258f        | 218M/1.79G [01:04<06:06, 4.61MB/s]
 12%|\u2588\u258f        | 218M/1.79G [01:05<06:09, 4.57MB/s]
 12%|\u2588\u258f        | 219M/1.79G [01:05<06:14, 4.51MB/s]
 12%|\u2588\u258f        | 219M/1.79G [01:05<06:18, 4.46MB/s]
 12%|\u2588\u258f        | 220M/1.79G [01:05<06:31, 4.31MB/s]
 12%|\u2588\u258f        | 220M/1.79G [01:05<06:42, 4.20MB/s]
 12%|\u2588\u258f        | 221M/1.79G [01:05<06:37, 4.24MB/s]
 12%|\u2588\u258f        | 221M/1.79G [01:05<06:33, 4.28MB/s]
 12%|\u2588\u258f        | 221M/1.79G [01:05<06:30, 4.32MB/s]
 12%|\u2588\u258f        | 222M/1.79G [01:05<06:26, 4.36MB/s]
 12%|\u2588\u258f        | 222M/1.79G [01:06<06:21, 4.42MB/s]
 12%|\u2588\u258f        | 223M/1.79G [01:06<06:53, 4.07MB/s]
 12%|\u2588\u258f        | 223M/1.79G [01:06<06:41, 4.19MB/s]
 12%|\u2588\u258f        | 224M/1.79G [01:06<06:27, 4.34MB/s]
 12%|\u2588\u258f        | 224M/1.79G [01:06<06:19, 4.44MB/s]
 12%|\u2588\u258f        | 225M/1.79G [01:06<06:13, 4.50MB/s]
 12%|\u2588\u258f        | 225M/1.79G [01:06<06:09, 4.55MB/s]
 12%|\u2588\u258f        | 225M/1.79G [01:06<06:03, 4.62MB/s]
 12%|\u2588\u258f        | 226M/1.79G [01:06<06:01, 4.65MB/s]
 12%|\u2588\u258f        | 226M/1.79G [01:06<06:02, 4.63MB/s]
 12%|\u2588\u258f        | 227M/1.79G [01:07<05:58, 4.68MB/s]
 12%|\u2588\u258f        | 227M/1.79G [01:07<06:08, 4.55MB/s]
 12%|\u2588\u258f        | 228M/1.79G [01:07<06:07, 4.57MB/s]
 12%|\u2588\u258f        | 228M/1.79G [01:07<06:06, 4.58MB/s]
 13%|\u2588\u258e        | 229M/1.79G [01:07<06:27, 4.33MB/s]
 13%|\u2588\u258e        | 229M/1.79G [01:07<06:53, 4.06MB/s]
 13%|\u2588\u258e        | 230M/1.79G [01:07<06:40, 4.19MB/s]
 13%|\u2588\u258e        | 230M/1.79G [01:07<06:35, 4.24MB/s]
 13%|\u2588\u258e        | 230M/1.79G [01:07<06:23, 4.37MB/s]
 13%|\u2588\u258e        | 231M/1.79G [01:08<06:19, 4.42MB/s]
 13%|\u2588\u258e        | 231M/1.79G [01:08<06:14, 4.47MB/s]
 13%|\u2588\u258e        | 232M/1.79G [01:08<06:13, 4.48MB/s]
 13%|\u2588\u258e        | 232M/1.79G [01:08<06:09, 4.53MB/s]
 13%|\u2588\u258e        | 233M/1.79G [01:08<06:10, 4.52MB/s]
 13%|\u2588\u258e        | 233M/1.79G [01:08<06:02, 4.61MB/s]
 13%|\u2588\u258e        | 234M/1.79G [01:08<06:00, 4.63MB/s]
 13%|\u2588\u258e        | 234M/1.79G [01:08<06:21, 4.39MB/s]
 13%|\u2588\u258e        | 234M/1.79G [01:08<08:02, 3.46MB/s]
 13%|\u2588\u258e        | 235M/1.79G [01:09<08:36, 3.23MB/s]
 13%|\u2588\u258e        | 235M/1.79G [01:09<09:07, 3.05MB/s]
 13%|\u2588\u258e        | 235M/1.79G [01:09<10:50, 2.57MB/s]
 13%|\u2588\u258e        | 236M/1.79G [01:09<11:33, 2.41MB/s]
 13%|\u2588\u258e        | 236M/1.79G [01:09<12:14, 2.27MB/s]
 13%|\u2588\u258e        | 236M/1.79G [01:09<13:02, 2.13MB/s]
 13%|\u2588\u258e        | 236M/1.79G [01:10<13:41, 2.03MB/s]
 13%|\u2588\u258e        | 237M/1.79G [01:10<12:46, 2.18MB/s]
 13%|\u2588\u258e        | 237M/1.79G [01:10<11:44, 2.37MB/s]
 13%|\u2588\u258e        | 237M/1.79G [01:10<12:52, 2.16MB/s]
 13%|\u2588\u258e        | 238M/1.79G [01:10<15:23, 1.81MB/s]
 13%|\u2588\u258e        | 238M/1.79G [01:10<15:06, 1.84MB/s]
 13%|\u2588\u258e        | 238M/1.79G [01:10<15:14, 1.82MB/s]
 13%|\u2588\u258e        | 238M/1.79G [01:10<15:33, 1.79MB/s]
 13%|\u2588\u258e        | 238M/1.79G [01:11<15:21, 1.81MB/s]
 13%|\u2588\u258e        | 239M/1.79G [01:11<15:38, 1.78MB/s]
 13%|\u2588\u258e        | 239M/1.79G [01:11<16:13, 1.71MB/s]
 13%|\u2588\u258e        | 239M/1.79G [01:11<16:02, 1.73MB/s]
 13%|\u2588\u258e        | 239M/1.79G [01:11<15:00, 1.85MB/s]
 13%|\u2588\u258e        | 240M/1.79G [01:11<13:55, 2.00MB/s]
 13%|\u2588\u258e        | 240M/1.79G [01:11<14:30, 1.91MB/s]
 13%|\u2588\u258e        | 240M/1.79G [01:11<14:53, 1.86MB/s]
 13%|\u2588\u258e        | 240M/1.79G [01:12<12:30, 2.22MB/s]
 13%|\u2588\u258e        | 241M/1.79G [01:12<09:30, 2.92MB/s]
 13%|\u2588\u258e        | 241M/1.79G [01:12<08:30, 3.26MB/s]
 13%|\u2588\u258e        | 242M/1.79G [01:12<07:40, 3.61MB/s]
 13%|\u2588\u258e        | 242M/1.79G [01:12<07:13, 3.84MB/s]
 13%|\u2588\u258e        | 242M/1.79G [01:12<07:11, 3.85MB/s]
 13%|\u2588\u258e        | 243M/1.79G [01:12<06:43, 4.12MB/s]
 13%|\u2588\u258e        | 243M/1.79G [01:12<06:28, 4.27MB/s]
 13%|\u2588\u258e        | 244M/1.79G [01:12<06:30, 4.26MB/s]
 13%|\u2588\u258e        | 244M/1.79G [01:12<06:21, 4.35MB/s]
 13%|\u2588\u258e        | 245M/1.79G [01:13<06:10, 4.49MB/s]
 13%|\u2588\u258e        | 245M/1.79G [01:13<06:10, 4.48MB/s]
 13%|\u2588\u258e        | 246M/1.79G [01:13<06:10, 4.48MB/s]
 13%|\u2588\u258e        | 246M/1.79G [01:13<06:06, 4.53MB/s]
 13%|\u2588\u258e        | 246M/1.79G [01:13<06:14, 4.43MB/s]
 13%|\u2588\u258e        | 247M/1.79G [01:13<06:18, 4.38MB/s]
 14%|\u2588\u258e        | 247M/1.79G [01:13<06:10, 4.48MB/s]
 14%|\u2588\u258e        | 248M/1.79G [01:13<06:02, 4.58MB/s]
 14%|\u2588\u258e        | 248M/1.79G [01:13<05:58, 4.62MB/s]
 14%|\u2588\u258e        | 249M/1.79G [01:14<05:55, 4.66MB/s]
 14%|\u2588\u258e        | 249M/1.79G [01:14<05:58, 4.63MB/s]
 14%|\u2588\u258e        | 250M/1.79G [01:14<06:01, 4.58MB/s]
 14%|\u2588\u258e        | 250M/1.79G [01:14<05:55, 4.66MB/s]
 14%|\u2588\u258e        | 251M/1.79G [01:14<05:56, 4.64MB/s]
 14%|\u2588\u258e        | 251M/1.79G [01:14<06:01, 4.57MB/s]
 14%|\u2588\u258e        | 251M/1.79G [01:14<06:06, 4.51MB/s]
 14%|\u2588\u258d        | 252M/1.79G [01:14<06:09, 4.47MB/s]
 14%|\u2588\u258d        | 252M/1.79G [01:14<06:08, 4.48MB/s]
 14%|\u2588\u258d        | 253M/1.79G [01:14<06:10, 4.46MB/s]
 14%|\u2588\u258d        | 253M/1.79G [01:15<06:10, 4.46MB/s]
 14%|\u2588\u258d        | 254M/1.79G [01:15<06:05, 4.51MB/s]
 14%|\u2588\u258d        | 254M/1.79G [01:15<06:01, 4.57MB/s]
 14%|\u2588\u258d        | 255M/1.79G [01:15<06:04, 4.52MB/s]
 14%|\u2588\u258d        | 255M/1.79G [01:15<06:03, 4.54MB/s]
 14%|\u2588\u258d        | 255M/1.79G [01:15<06:00, 4.58MB/s]
 14%|\u2588\u258d        | 256M/1.79G [01:15<06:11, 4.44MB/s]
 14%|\u2588\u258d        | 256M/1.79G [01:15<06:07, 4.49MB/s]
 14%|\u2588\u258d        | 257M/1.79G [01:15<06:06, 4.50MB/s]
 14%|\u2588\u258d        | 257M/1.79G [01:16<06:11, 4.44MB/s]
 14%|\u2588\u258d        | 258M/1.79G [01:16<06:10, 4.45MB/s]
 14%|\u2588\u258d        | 258M/1.79G [01:16<06:08, 4.47MB/s]
 14%|\u2588\u258d        | 259M/1.79G [01:16<06:00, 4.57MB/s]
 14%|\u2588\u258d        | 259M/1.79G [01:16<06:06, 4.49MB/s]
 14%|\u2588\u258d        | 259M/1.79G [01:16<06:04, 4.51MB/s]
 14%|\u2588\u258d        | 260M/1.79G [01:16<05:58, 4.59MB/s]
 14%|\u2588\u258d        | 260M/1.79G [01:16<06:00, 4.56MB/s]
 14%|\u2588\u258d        | 261M/1.79G [01:16<06:00, 4.56MB/s]
 14%|\u2588\u258d        | 261M/1.79G [01:16<05:55, 4.62MB/s]
 14%|\u2588\u258d        | 262M/1.79G [01:17<05:54, 4.63MB/s]
 14%|\u2588\u258d        | 262M/1.79G [01:17<06:39, 4.11MB/s]
 14%|\u2588\u258d        | 263M/1.79G [01:17<06:30, 4.21MB/s]
 14%|\u2588\u258d        | 263M/1.79G [01:17<06:17, 4.35MB/s]
 14%|\u2588\u258d        | 264M/1.79G [01:17<06:10, 4.43MB/s]
 14%|\u2588\u258d        | 264M/1.79G [01:17<06:01, 4.54MB/s]
 14%|\u2588\u258d        | 264M/1.79G [01:17<05:57, 4.59MB/s]
 14%|\u2588\u258d        | 265M/1.79G [01:17<06:03, 4.51MB/s]
 15%|\u2588\u258d        | 265M/1.79G [01:17<06:02, 4.53MB/s]
 15%|\u2588\u258d        | 266M/1.79G [01:18<05:57, 4.58MB/s]
 15%|\u2588\u258d        | 266M/1.79G [01:18<05:50, 4.68MB/s]
 15%|\u2588\u258d        | 267M/1.79G [01:18<05:48, 4.70MB/s]
 15%|\u2588\u258d        | 267M/1.79G [01:18<06:02, 4.52MB/s]
 15%|\u2588\u258d        | 268M/1.79G [01:18<06:22, 4.28MB/s]
 15%|\u2588\u258d        | 268M/1.79G [01:18<06:40, 4.09MB/s]
 15%|\u2588\u258d        | 268M/1.79G [01:18<07:26, 3.67MB/s]
 15%|\u2588\u258d        | 269M/1.79G [01:18<07:01, 3.89MB/s]
 15%|\u2588\u258d        | 269M/1.79G [01:18<06:54, 3.95MB/s]
 15%|\u2588\u258d        | 270M/1.79G [01:19<06:37, 4.12MB/s]
 15%|\u2588\u258d        | 270M/1.79G [01:19<06:23, 4.27MB/s]
 15%|\u2588\u258d        | 271M/1.79G [01:19<06:16, 4.34MB/s]
 15%|\u2588\u258d        | 271M/1.79G [01:19<06:13, 4.38MB/s]
 15%|\u2588\u258d        | 272M/1.79G [01:19<06:23, 4.26MB/s]
 15%|\u2588\u258d        | 272M/1.79G [01:19<06:23, 4.26MB/s]
 15%|\u2588\u258d        | 272M/1.79G [01:19<06:07, 4.44MB/s]
 15%|\u2588\u258d        | 273M/1.79G [01:19<06:26, 4.22MB/s]
 15%|\u2588\u258d        | 273M/1.79G [01:19<06:30, 4.18MB/s]
 15%|\u2588\u258d        | 274M/1.79G [01:19<06:21, 4.27MB/s]
 15%|\u2588\u258d        | 274M/1.79G [01:20<06:17, 4.31MB/s]
 15%|\u2588\u258c        | 275M/1.79G [01:20<06:05, 4.46MB/s]
 15%|\u2588\u258c        | 275M/1.79G [01:20<06:30, 4.18MB/s]
 15%|\u2588\u258c        | 276M/1.79G [01:20<06:20, 4.28MB/s]
 15%|\u2588\u258c        | 276M/1.79G [01:20<06:20, 4.28MB/s]
 15%|\u2588\u258c        | 276M/1.79G [01:20<06:38, 4.08MB/s]
 15%|\u2588\u258c        | 277M/1.79G [01:20<06:19, 4.28MB/s]
 15%|\u2588\u258c        | 277M/1.79G [01:20<06:08, 4.41MB/s]
 15%|\u2588\u258c        | 278M/1.79G [01:20<05:59, 4.52MB/s]
 15%|\u2588\u258c        | 278M/1.79G [01:21<05:52, 4.61MB/s]
 15%|\u2588\u258c        | 279M/1.79G [01:21<05:48, 4.67MB/s]
 15%|\u2588\u258c        | 279M/1.79G [01:21<05:56, 4.56MB/s]
 15%|\u2588\u258c        | 280M/1.79G [01:21<05:57, 4.54MB/s]
 15%|\u2588\u258c        | 280M/1.79G [01:21<05:59, 4.51MB/s]
 15%|\u2588\u258c        | 280M/1.79G [01:21<06:32, 4.14MB/s]
 15%|\u2588\u258c        | 281M/1.79G [01:21<06:30, 4.16MB/s]
 15%|\u2588\u258c        | 281M/1.79G [01:21<06:24, 4.22MB/s]
 15%|\u2588\u258c        | 282M/1.79G [01:21<06:21, 4.26MB/s]
 15%|\u2588\u258c        | 282M/1.79G [01:22<06:13, 4.35MB/s]
 15%|\u2588\u258c        | 283M/1.79G [01:22<06:03, 4.47MB/s]
 15%|\u2588\u258c        | 283M/1.79G [01:22<05:56, 4.54MB/s]
 16%|\u2588\u258c        | 284M/1.79G [01:22<06:05, 4.44MB/s]
 16%|\u2588\u258c        | 284M/1.79G [01:22<06:16, 4.31MB/s]
 16%|\u2588\u258c        | 284M/1.79G [01:22<06:06, 4.42MB/s]
 16%|\u2588\u258c        | 285M/1.79G [01:22<06:05, 4.43MB/s]
 16%|\u2588\u258c        | 285M/1.79G [01:22<05:58, 4.51MB/s]
 16%|\u2588\u258c        | 286M/1.79G [01:22<05:51, 4.61MB/s]
 16%|\u2588\u258c        | 286M/1.79G [01:22<05:48, 4.64MB/s]
 16%|\u2588\u258c        | 287M/1.79G [01:23<05:50, 4.61MB/s]
 16%|\u2588\u258c        | 287M/1.79G [01:23<05:49, 4.63MB/s]
 16%|\u2588\u258c        | 288M/1.79G [01:23<05:48, 4.64MB/s]
 16%|\u2588\u258c        | 288M/1.79G [01:23<05:47, 4.65MB/s]
 16%|\u2588\u258c        | 288M/1.79G [01:23<06:10, 4.36MB/s]
 16%|\u2588\u258c        | 289M/1.79G [01:23<06:01, 4.47MB/s]
 16%|\u2588\u258c        | 289M/1.79G [01:23<05:55, 4.53MB/s]
 16%|\u2588\u258c        | 290M/1.79G [01:23<05:52, 4.58MB/s]
 16%|\u2588\u258c        | 290M/1.79G [01:23<05:46, 4.65MB/s]
 16%|\u2588\u258c        | 291M/1.79G [01:23<05:45, 4.67MB/s]
 16%|\u2588\u258c        | 291M/1.79G [01:24<05:48, 4.62MB/s]
 16%|\u2588\u258c        | 292M/1.79G [01:24<05:53, 4.56MB/s]
 16%|\u2588\u258c        | 292M/1.79G [01:24<05:48, 4.63MB/s]
 16%|\u2588\u258c        | 293M/1.79G [01:24<05:46, 4.64MB/s]
 16%|\u2588\u258c        | 293M/1.79G [01:24<05:45, 4.66MB/s]
 16%|\u2588\u258c        | 294M/1.79G [01:24<05:48, 4.63MB/s]
 16%|\u2588\u258c        | 294M/1.79G [01:24<05:56, 4.52MB/s]
 16%|\u2588\u258c        | 294M/1.79G [01:24<05:58, 4.48MB/s]
 16%|\u2588\u258c        | 295M/1.79G [01:24<05:51, 4.57MB/s]
 16%|\u2588\u258c        | 295M/1.79G [01:25<05:53, 4.56MB/s]
 16%|\u2588\u258c        | 296M/1.79G [01:25<06:00, 4.46MB/s]
 16%|\u2588\u258c        | 296M/1.79G [01:25<06:08, 4.36MB/s]
 16%|\u2588\u258c        | 297M/1.79G [01:25<06:11, 4.33MB/s]
 16%|\u2588\u258c        | 297M/1.79G [01:25<06:05, 4.39MB/s]
 16%|\u2588\u258b        | 298M/1.79G [01:25<05:58, 4.47MB/s]
 16%|\u2588\u258b        | 298M/1.79G [01:25<06:06, 4.38MB/s]
 16%|\u2588\u258b        | 298M/1.79G [01:25<06:03, 4.42MB/s]
 16%|\u2588\u258b        | 299M/1.79G [01:25<06:03, 4.41MB/s]
 16%|\u2588\u258b        | 299M/1.79G [01:25<05:56, 4.50MB/s]
 16%|\u2588\u258b        | 300M/1.79G [01:26<05:57, 4.49MB/s]
 16%|\u2588\u258b        | 300M/1.79G [01:26<05:56, 4.49MB/s]
 16%|\u2588\u258b        | 301M/1.79G [01:26<05:55, 4.51MB/s]
 16%|\u2588\u258b        | 301M/1.79G [01:26<05:50, 4.57MB/s]
 16%|\u2588\u258b        | 302M/1.79G [01:26<05:47, 4.61MB/s]
 17%|\u2588\u258b        | 302M/1.79G [01:26<05:52, 4.54MB/s]
 17%|\u2588\u258b        | 302M/1.79G [01:26<05:48, 4.59MB/s]
 17%|\u2588\u258b        | 303M/1.79G [01:26<05:45, 4.63MB/s]
 17%|\u2588\u258b        | 303M/1.79G [01:26<05:39, 4.71MB/s]
 17%|\u2588\u258b        | 304M/1.79G [01:27<05:58, 4.46MB/s]
 17%|\u2588\u258b        | 304M/1.79G [01:27<05:52, 4.54MB/s]
 17%|\u2588\u258b        | 305M/1.79G [01:27<05:53, 4.52MB/s]
 17%|\u2588\u258b        | 305M/1.79G [01:27<05:56, 4.48MB/s]
 17%|\u2588\u258b        | 306M/1.79G [01:27<05:52, 4.53MB/s]
 17%|\u2588\u258b        | 306M/1.79G [01:27<05:51, 4.54MB/s]
 17%|\u2588\u258b        | 306M/1.79G [01:27<05:49, 4.57MB/s]
 17%|\u2588\u258b        | 307M/1.79G [01:27<05:45, 4.62MB/s]
 17%|\u2588\u258b        | 307M/1.79G [01:27<05:42, 4.66MB/s]
 17%|\u2588\u258b        | 308M/1.79G [01:27<05:55, 4.48MB/s]
 17%|\u2588\u258b        | 308M/1.79G [01:28<05:54, 4.49MB/s]
 17%|\u2588\u258b        | 309M/1.79G [01:28<05:57, 4.46MB/s]
 17%|\u2588\u258b        | 309M/1.79G [01:28<05:54, 4.49MB/s]
 17%|\u2588\u258b        | 310M/1.79G [01:28<05:48, 4.57MB/s]
 17%|\u2588\u258b        | 310M/1.79G [01:28<05:48, 4.57MB/s]
 17%|\u2588\u258b        | 311M/1.79G [01:28<05:48, 4.57MB/s]
 17%|\u2588\u258b        | 311M/1.79G [01:28<05:49, 4.55MB/s]
 17%|\u2588\u258b        | 311M/1.79G [01:28<05:51, 4.53MB/s]
 17%|\u2588\u258b        | 312M/1.79G [01:28<05:47, 4.57MB/s]
 17%|\u2588\u258b        | 312M/1.79G [01:28<05:48, 4.57MB/s]
 17%|\u2588\u258b        | 313M/1.79G [01:29<05:44, 4.61MB/s]
 17%|\u2588\u258b        | 313M/1.79G [01:29<05:43, 4.62MB/s]
 17%|\u2588\u258b        | 314M/1.79G [01:29<05:41, 4.65MB/s]
 17%|\u2588\u258b        | 314M/1.79G [01:29<05:43, 4.63MB/s]
 17%|\u2588\u258b        | 315M/1.79G [01:29<05:43, 4.62MB/s]
 17%|\u2588\u258b        | 315M/1.79G [01:29<06:01, 4.39MB/s]
 17%|\u2588\u258b        | 315M/1.79G [01:29<06:09, 4.30MB/s]
 17%|\u2588\u258b        | 316M/1.79G [01:29<06:09, 4.30MB/s]
 17%|\u2588\u258b        | 316M/1.79G [01:29<06:15, 4.22MB/s]
 17%|\u2588\u258b        | 317M/1.79G [01:30<06:24, 4.12MB/s]
 17%|\u2588\u258b        | 317M/1.79G [01:30<06:22, 4.15MB/s]
 17%|\u2588\u258b        | 318M/1.79G [01:30<06:21, 4.16MB/s]
 17%|\u2588\u258b        | 318M/1.79G [01:30<06:21, 4.16MB/s]
 17%|\u2588\u258b        | 318M/1.79G [01:30<06:15, 4.22MB/s]
 17%|\u2588\u258b        | 319M/1.79G [01:30<06:04, 4.34MB/s]
 17%|\u2588\u258b        | 319M/1.79G [01:30<06:02, 4.37MB/s]
 17%|\u2588\u258b        | 320M/1.79G [01:30<05:59, 4.40MB/s]
 18%|\u2588\u258a        | 320M/1.79G [01:30<05:53, 4.47MB/s]
 18%|\u2588\u258a        | 321M/1.79G [01:30<05:48, 4.54MB/s]
 18%|\u2588\u258a        | 321M/1.79G [01:31<05:52, 4.49MB/s]
 18%|\u2588\u258a        | 321M/1.79G [01:31<05:54, 4.46MB/s]
 18%|\u2588\u258a        | 322M/1.79G [01:31<06:11, 4.25MB/s]
 18%|\u2588\u258a        | 322M/1.79G [01:31<06:04, 4.33MB/s]
 18%|\u2588\u258a        | 323M/1.79G [01:31<06:07, 4.30MB/s]
 18%|\u2588\u258a        | 323M/1.79G [01:31<05:54, 4.46MB/s]
 18%|\u2588\u258a        | 324M/1.79G [01:31<06:03, 4.35MB/s]
 18%|\u2588\u258a        | 324M/1.79G [01:31<05:55, 4.44MB/s]
 18%|\u2588\u258a        | 325M/1.79G [01:31<05:50, 4.51MB/s]
 18%|\u2588\u258a        | 325M/1.79G [01:32<05:50, 4.49MB/s]
 18%|\u2588\u258a        | 326M/1.79G [01:32<05:43, 4.58MB/s]
 18%|\u2588\u258a        | 326M/1.79G [01:32<05:46, 4.55MB/s]
 18%|\u2588\u258a        | 326M/1.79G [01:32<05:44, 4.57MB/s]
 18%|\u2588\u258a        | 327M/1.79G [01:32<05:40, 4.62MB/s]
 18%|\u2588\u258a        | 327M/1.79G [01:32<05:38, 4.65MB/s]
 18%|\u2588\u258a        | 328M/1.79G [01:32<05:39, 4.64MB/s]
 18%|\u2588\u258a        | 328M/1.79G [01:32<05:35, 4.68MB/s]
 18%|\u2588\u258a        | 329M/1.79G [01:32<05:34, 4.70MB/s]
 18%|\u2588\u258a        | 329M/1.79G [01:32<05:43, 4.57MB/s]
 18%|\u2588\u258a        | 330M/1.79G [01:33<05:44, 4.57MB/s]
 18%|\u2588\u258a        | 330M/1.79G [01:33<05:45, 4.55MB/s]
 18%|\u2588\u258a        | 331M/1.79G [01:33<05:39, 4.63MB/s]
 18%|\u2588\u258a        | 331M/1.79G [01:33<05:43, 4.57MB/s]
 18%|\u2588\u258a        | 331M/1.79G [01:33<05:44, 4.56MB/s]
 18%|\u2588\u258a        | 332M/1.79G [01:33<05:38, 4.63MB/s]
 18%|\u2588\u258a        | 332M/1.79G [01:33<05:45, 4.54MB/s]
 18%|\u2588\u258a        | 333M/1.79G [01:33<05:42, 4.58MB/s]
 18%|\u2588\u258a        | 333M/1.79G [01:33<05:40, 4.61MB/s]
 18%|\u2588\u258a        | 334M/1.79G [01:33<05:46, 4.52MB/s]
 18%|\u2588\u258a        | 334M/1.79G [01:34<05:46, 4.52MB/s]
 18%|\u2588\u258a        | 335M/1.79G [01:34<05:46, 4.52MB/s]
 18%|\u2588\u258a        | 335M/1.79G [01:34<05:47, 4.51MB/s]
 18%|\u2588\u258a        | 335M/1.79G [01:34<05:48, 4.49MB/s]
 18%|\u2588\u258a        | 336M/1.79G [01:34<05:48, 4.49MB/s]
 18%|\u2588\u258a        | 336M/1.79G [01:34<05:46, 4.51MB/s]
 18%|\u2588\u258a        | 337M/1.79G [01:34<05:48, 4.48MB/s]
 18%|\u2588\u258a        | 337M/1.79G [01:34<05:46, 4.51MB/s]
 18%|\u2588\u258a        | 338M/1.79G [01:34<05:39, 4.61MB/s]
 18%|\u2588\u258a        | 338M/1.79G [01:35<05:42, 4.57MB/s]
 19%|\u2588\u258a        | 339M/1.79G [01:35<05:53, 4.43MB/s]
 19%|\u2588\u258a        | 339M/1.79G [01:35<05:50, 4.46MB/s]
 19%|\u2588\u258a        | 339M/1.79G [01:35<05:45, 4.52MB/s]
 19%|\u2588\u258a        | 340M/1.79G [01:35<05:45, 4.52MB/s]
 19%|\u2588\u258a        | 340M/1.79G [01:35<05:42, 4.56MB/s]
 19%|\u2588\u258a        | 341M/1.79G [01:35<05:42, 4.55MB/s]
 19%|\u2588\u258a        | 341M/1.79G [01:35<06:09, 4.22MB/s]
 19%|\u2588\u258a        | 342M/1.79G [01:35<05:58, 4.35MB/s]
 19%|\u2588\u258a        | 342M/1.79G [01:35<05:47, 4.49MB/s]
 19%|\u2588\u258a        | 343M/1.79G [01:36<05:42, 4.54MB/s]
 19%|\u2588\u2589        | 343M/1.79G [01:36<05:37, 4.61MB/s]
 19%|\u2588\u2589        | 344M/1.79G [01:36<05:37, 4.61MB/s]
 19%|\u2588\u2589        | 344M/1.79G [01:36<05:36, 4.63MB/s]
 19%|\u2588\u2589        | 344M/1.79G [01:36<05:42, 4.54MB/s]
 19%|\u2588\u2589        | 345M/1.79G [01:36<05:43, 4.53MB/s]
 19%|\u2588\u2589        | 345M/1.79G [01:36<05:41, 4.55MB/s]
 19%|\u2588\u2589        | 346M/1.79G [01:36<05:44, 4.51MB/s]
 19%|\u2588\u2589        | 346M/1.79G [01:36<05:40, 4.57MB/s]
 19%|\u2588\u2589        | 347M/1.79G [01:36<05:36, 4.62MB/s]
 19%|\u2588\u2589        | 347M/1.79G [01:37<05:39, 4.58MB/s]
 19%|\u2588\u2589        | 348M/1.79G [01:37<05:36, 4.62MB/s]
 19%|\u2588\u2589        | 348M/1.79G [01:37<05:33, 4.65MB/s]
 19%|\u2588\u2589        | 348M/1.79G [01:37<05:39, 4.57MB/s]
 19%|\u2588\u2589        | 349M/1.79G [01:37<05:46, 4.48MB/s]
 19%|\u2588\u2589        | 349M/1.79G [01:37<05:43, 4.52MB/s]
 19%|\u2588\u2589        | 350M/1.79G [01:37<05:47, 4.46MB/s]
 19%|\u2588\u2589        | 350M/1.79G [01:37<05:42, 4.52MB/s]
 19%|\u2588\u2589        | 351M/1.79G [01:37<05:45, 4.49MB/s]
 19%|\u2588\u2589        | 351M/1.79G [01:38<06:05, 4.25MB/s]
 19%|\u2588\u2589        | 352M/1.79G [01:38<06:03, 4.26MB/s]
 19%|\u2588\u2589        | 352M/1.79G [01:38<05:55, 4.35MB/s]
 19%|\u2588\u2589        | 352M/1.79G [01:38<06:02, 4.27MB/s]
 19%|\u2588\u2589        | 353M/1.79G [01:38<05:59, 4.30MB/s]
 19%|\u2588\u2589        | 353M/1.79G [01:38<05:57, 4.32MB/s]
 19%|\u2588\u2589        | 354M/1.79G [01:38<05:51, 4.40MB/s]
 19%|\u2588\u2589        | 354M/1.79G [01:38<05:56, 4.34MB/s]
 19%|\u2588\u2589        | 355M/1.79G [01:38<06:08, 4.19MB/s]
 19%|\u2588\u2589        | 355M/1.79G [01:38<05:58, 4.31MB/s]
 19%|\u2588\u2589        | 355M/1.79G [01:39<05:57, 4.32MB/s]
 19%|\u2588\u2589        | 356M/1.79G [01:39<05:48, 4.43MB/s]
 19%|\u2588\u2589        | 356M/1.79G [01:39<05:47, 4.45MB/s]
 20%|\u2588\u2589        | 357M/1.79G [01:39<05:42, 4.51MB/s]
 20%|\u2588\u2589        | 357M/1.79G [01:39<05:56, 4.33MB/s]
 20%|\u2588\u2589        | 358M/1.79G [01:39<05:49, 4.42MB/s]
 20%|\u2588\u2589        | 358M/1.79G [01:39<05:42, 4.50MB/s]
 20%|\u2588\u2589        | 359M/1.79G [01:39<05:42, 4.50MB/s]
 20%|\u2588\u2589        | 359M/1.79G [01:39<05:40, 4.53MB/s]
 20%|\u2588\u2589        | 359M/1.79G [01:40<05:58, 4.29MB/s]
 20%|\u2588\u2589        | 360M/1.79G [01:40<05:52, 4.36MB/s]
 20%|\u2588\u2589        | 360M/1.79G [01:40<05:52, 4.36MB/s]
 20%|\u2588\u2589        | 361M/1.79G [01:40<06:13, 4.12MB/s]
 20%|\u2588\u2589        | 361M/1.79G [01:40<06:11, 4.14MB/s]
 20%|\u2588\u2589        | 362M/1.79G [01:40<05:53, 4.35MB/s]
 20%|\u2588\u2589        | 362M/1.79G [01:40<06:01, 4.25MB/s]
 20%|\u2588\u2589        | 362M/1.79G [01:40<06:21, 4.03MB/s]
 20%|\u2588\u2589        | 363M/1.79G [01:40<06:12, 4.13MB/s]
 20%|\u2588\u2589        | 363M/1.79G [01:41<05:59, 4.27MB/s]
 20%|\u2588\u2589        | 364M/1.79G [01:41<05:47, 4.43MB/s]
 20%|\u2588\u2589        | 364M/1.79G [01:41<05:43, 4.47MB/s]
 20%|\u2588\u2589        | 365M/1.79G [01:41<06:01, 4.25MB/s]
 20%|\u2588\u2589        | 365M/1.79G [01:41<06:10, 4.15MB/s]
 20%|\u2588\u2589        | 366M/1.79G [01:41<05:58, 4.29MB/s]
 20%|\u2588\u2588        | 366M/1.79G [01:41<06:01, 4.24MB/s]
 20%|\u2588\u2588        | 366M/1.79G [01:41<05:55, 4.31MB/s]
 20%|\u2588\u2588        | 367M/1.79G [01:41<05:46, 4.42MB/s]
 20%|\u2588\u2588        | 367M/1.79G [01:41<05:43, 4.46MB/s]
 20%|\u2588\u2588        | 368M/1.79G [01:42<05:38, 4.53MB/s]
 20%|\u2588\u2588        | 368M/1.79G [01:42<05:40, 4.50MB/s]
 20%|\u2588\u2588        | 369M/1.79G [01:42<05:33, 4.59MB/s]
 20%|\u2588\u2588        | 369M/1.79G [01:42<05:26, 4.68MB/s]
 20%|\u2588\u2588        | 370M/1.79G [01:42<05:27, 4.67MB/s]
 20%|\u2588\u2588        | 370M/1.79G [01:42<05:37, 4.54MB/s]
 20%|\u2588\u2588        | 370M/1.79G [01:42<05:42, 4.47MB/s]
 20%|\u2588\u2588        | 371M/1.79G [01:42<05:39, 4.50MB/s]
 20%|\u2588\u2588        | 371M/1.79G [01:42<05:35, 4.55MB/s]
 20%|\u2588\u2588        | 372M/1.79G [01:43<05:33, 4.58MB/s]
 20%|\u2588\u2588        | 372M/1.79G [01:43<05:26, 4.67MB/s]
 20%|\u2588\u2588        | 373M/1.79G [01:43<05:33, 4.58MB/s]
 20%|\u2588\u2588        | 373M/1.79G [01:43<05:28, 4.65MB/s]
 20%|\u2588\u2588        | 374M/1.79G [01:43<05:27, 4.66MB/s]
 20%|\u2588\u2588        | 374M/1.79G [01:43<05:32, 4.58MB/s]
 20%|\u2588\u2588        | 375M/1.79G [01:43<05:28, 4.64MB/s]
 21%|\u2588\u2588        | 375M/1.79G [01:43<05:33, 4.58MB/s]
 21%|\u2588\u2588        | 376M/1.79G [01:43<05:57, 4.26MB/s]
 21%|\u2588\u2588        | 376M/1.79G [01:43<05:51, 4.34MB/s]
 21%|\u2588\u2588        | 376M/1.79G [01:44<05:50, 4.35MB/s]
 21%|\u2588\u2588        | 377M/1.79G [01:44<05:42, 4.45MB/s]
 21%|\u2588\u2588        | 377M/1.79G [01:44<05:36, 4.53MB/s]
 21%|\u2588\u2588        | 378M/1.79G [01:44<05:35, 4.54MB/s]
 21%|\u2588\u2588        | 378M/1.79G [01:44<05:55, 4.28MB/s]
 21%|\u2588\u2588        | 379M/1.79G [01:44<06:06, 4.15MB/s]
 21%|\u2588\u2588        | 379M/1.79G [01:44<06:03, 4.18MB/s]
 21%|\u2588\u2588        | 379M/1.79G [01:44<06:04, 4.17MB/s]
 21%|\u2588\u2588        | 380M/1.79G [01:44<05:56, 4.26MB/s]
 21%|\u2588\u2588        | 380M/1.79G [01:45<05:53, 4.30MB/s]
 21%|\u2588\u2588        | 381M/1.79G [01:45<05:57, 4.25MB/s]
 21%|\u2588\u2588        | 381M/1.79G [01:45<05:54, 4.28MB/s]
 21%|\u2588\u2588        | 382M/1.79G [01:45<05:47, 4.36MB/s]
 21%|\u2588\u2588        | 382M/1.79G [01:45<05:37, 4.50MB/s]
 21%|\u2588\u2588        | 382M/1.79G [01:45<05:36, 4.51MB/s]
 21%|\u2588\u2588        | 383M/1.79G [01:45<05:30, 4.59MB/s]
 21%|\u2588\u2588        | 383M/1.79G [01:45<05:46, 4.37MB/s]
 21%|\u2588\u2588        | 384M/1.79G [01:45<05:43, 4.41MB/s]
 21%|\u2588\u2588        | 384M/1.79G [01:45<05:38, 4.47MB/s]
 21%|\u2588\u2588        | 385M/1.79G [01:46<05:56, 4.25MB/s]
 21%|\u2588\u2588        | 385M/1.79G [01:46<05:49, 4.33MB/s]
 21%|\u2588\u2588        | 386M/1.79G [01:46<05:41, 4.43MB/s]
 21%|\u2588\u2588        | 386M/1.79G [01:46<05:58, 4.22MB/s]
 21%|\u2588\u2588        | 386M/1.79G [01:46<05:51, 4.31MB/s]
 21%|\u2588\u2588        | 387M/1.79G [01:46<05:54, 4.26MB/s]
 21%|\u2588\u2588        | 387M/1.79G [01:46<06:36, 3.81MB/s]
 21%|\u2588\u2588        | 388M/1.79G [01:46<06:22, 3.95MB/s]
 21%|\u2588\u2588        | 388M/1.79G [01:46<06:11, 4.07MB/s]
 21%|\u2588\u2588        | 389M/1.79G [01:47<05:59, 4.20MB/s]
 21%|\u2588\u2588\u258f       | 389M/1.79G [01:47<05:48, 4.33MB/s]
 21%|\u2588\u2588\u258f       | 389M/1.79G [01:47<05:57, 4.22MB/s]
 21%|\u2588\u2588\u258f       | 390M/1.79G [01:47<05:53, 4.27MB/s]
 21%|\u2588\u2588\u258f       | 390M/1.79G [01:47<05:43, 4.39MB/s]
 21%|\u2588\u2588\u258f       | 391M/1.79G [01:47<06:07, 4.10MB/s]
 21%|\u2588\u2588\u258f       | 391M/1.79G [01:47<05:56, 4.23MB/s]
 21%|\u2588\u2588\u258f       | 392M/1.79G [01:47<05:59, 4.19MB/s]
 21%|\u2588\u2588\u258f       | 392M/1.79G [01:47<06:06, 4.12MB/s]
 21%|\u2588\u2588\u258f       | 392M/1.79G [01:48<06:20, 3.96MB/s]
 21%|\u2588\u2588\u258f       | 393M/1.79G [01:48<06:49, 3.68MB/s]
 22%|\u2588\u2588\u258f       | 393M/1.79G [01:48<06:27, 3.89MB/s]
 22%|\u2588\u2588\u258f       | 394M/1.79G [01:48<06:10, 4.07MB/s]
 22%|\u2588\u2588\u258f       | 394M/1.79G [01:48<06:01, 4.16MB/s]
 22%|\u2588\u2588\u258f       | 395M/1.79G [01:48<06:18, 3.98MB/s]
 22%|\u2588\u2588\u258f       | 395M/1.79G [01:48<06:19, 3.96MB/s]
 22%|\u2588\u2588\u258f       | 395M/1.79G [01:48<06:38, 3.77MB/s]
 22%|\u2588\u2588\u258f       | 396M/1.79G [01:48<06:37, 3.78MB/s]
 22%|\u2588\u2588\u258f       | 396M/1.79G [01:49<06:19, 3.96MB/s]
 22%|\u2588\u2588\u258f       | 397M/1.79G [01:49<06:04, 4.12MB/s]
 22%|\u2588\u2588\u258f       | 397M/1.79G [01:49<05:53, 4.25MB/s]
 22%|\u2588\u2588\u258f       | 397M/1.79G [01:49<06:14, 4.01MB/s]
 22%|\u2588\u2588\u258f       | 398M/1.79G [01:49<06:08, 4.07MB/s]
 22%|\u2588\u2588\u258f       | 398M/1.79G [01:49<06:08, 4.07MB/s]
 22%|\u2588\u2588\u258f       | 399M/1.79G [01:49<06:08, 4.07MB/s]
 22%|\u2588\u2588\u258f       | 399M/1.79G [01:49<05:55, 4.22MB/s]
 22%|\u2588\u2588\u258f       | 400M/1.79G [01:49<05:42, 4.38MB/s]
 22%|\u2588\u2588\u258f       | 400M/1.79G [01:49<05:43, 4.37MB/s]
 22%|\u2588\u2588\u258f       | 400M/1.79G [01:50<05:36, 4.45MB/s]
 22%|\u2588\u2588\u258f       | 401M/1.79G [01:50<05:32, 4.51MB/s]
 22%|\u2588\u2588\u258f       | 401M/1.79G [01:50<05:39, 4.40MB/s]
 22%|\u2588\u2588\u258f       | 402M/1.79G [01:50<05:34, 4.47MB/s]
 22%|\u2588\u2588\u258f       | 402M/1.79G [01:50<05:30, 4.53MB/s]
 22%|\u2588\u2588\u258f       | 403M/1.79G [01:50<05:27, 4.57MB/s]
 22%|\u2588\u2588\u258f       | 403M/1.79G [01:50<05:43, 4.35MB/s]
 22%|\u2588\u2588\u258f       | 404M/1.79G [01:50<05:49, 4.28MB/s]
 22%|\u2588\u2588\u258f       | 404M/1.79G [01:50<05:57, 4.17MB/s]
 22%|\u2588\u2588\u258f       | 404M/1.79G [01:51<05:44, 4.33MB/s]
 22%|\u2588\u2588\u258f       | 405M/1.79G [01:51<05:38, 4.41MB/s]
 22%|\u2588\u2588\u258f       | 405M/1.79G [01:51<05:53, 4.22MB/s]
 22%|\u2588\u2588\u258f       | 406M/1.79G [01:51<06:03, 4.10MB/s]
 22%|\u2588\u2588\u258f       | 406M/1.79G [01:51<05:59, 4.14MB/s]
 22%|\u2588\u2588\u258f       | 407M/1.79G [01:51<05:48, 4.28MB/s]
 22%|\u2588\u2588\u258f       | 407M/1.79G [01:51<05:41, 4.37MB/s]
 22%|\u2588\u2588\u258f       | 407M/1.79G [01:51<05:40, 4.38MB/s]
 22%|\u2588\u2588\u258f       | 408M/1.79G [01:51<05:35, 4.44MB/s]
 22%|\u2588\u2588\u258f       | 408M/1.79G [01:51<05:45, 4.32MB/s]
 22%|\u2588\u2588\u258f       | 409M/1.79G [01:52<06:00, 4.14MB/s]
 22%|\u2588\u2588\u258f       | 409M/1.79G [01:52<05:48, 4.28MB/s]
 22%|\u2588\u2588\u258f       | 410M/1.79G [01:52<05:37, 4.41MB/s]
 22%|\u2588\u2588\u258f       | 410M/1.79G [01:52<05:41, 4.36MB/s]
 22%|\u2588\u2588\u258f       | 411M/1.79G [01:52<05:37, 4.41MB/s]
 22%|\u2588\u2588\u258f       | 411M/1.79G [01:52<05:30, 4.50MB/s]
 22%|\u2588\u2588\u258f       | 411M/1.79G [01:52<05:29, 4.51MB/s]
 23%|\u2588\u2588\u258e       | 412M/1.79G [01:52<05:25, 4.57MB/s]
 23%|\u2588\u2588\u258e       | 412M/1.79G [01:52<05:28, 4.52MB/s]
 23%|\u2588\u2588\u258e       | 413M/1.79G [01:53<05:27, 4.54MB/s]
 23%|\u2588\u2588\u258e       | 413M/1.79G [01:53<05:23, 4.58MB/s]
 23%|\u2588\u2588\u258e       | 414M/1.79G [01:53<05:30, 4.49MB/s]
 23%|\u2588\u2588\u258e       | 414M/1.79G [01:53<05:24, 4.58MB/s]
 23%|\u2588\u2588\u258e       | 415M/1.79G [01:53<05:25, 4.56MB/s]
 23%|\u2588\u2588\u258e       | 415M/1.79G [01:53<05:31, 4.47MB/s]
 23%|\u2588\u2588\u258e       | 416M/1.79G [01:53<05:39, 4.37MB/s]
 23%|\u2588\u2588\u258e       | 416M/1.79G [01:53<05:35, 4.42MB/s]
 23%|\u2588\u2588\u258e       | 416M/1.79G [01:53<05:52, 4.20MB/s]
 23%|\u2588\u2588\u258e       | 417M/1.79G [01:53<05:45, 4.29MB/s]
 23%|\u2588\u2588\u258e       | 417M/1.79G [01:54<05:41, 4.33MB/s]
 23%|\u2588\u2588\u258e       | 418M/1.79G [01:54<05:36, 4.39MB/s]
 23%|\u2588\u2588\u258e       | 418M/1.79G [01:54<05:40, 4.34MB/s]
 23%|\u2588\u2588\u258e       | 419M/1.79G [01:54<05:37, 4.39MB/s]
 23%|\u2588\u2588\u258e       | 419M/1.79G [01:54<05:36, 4.39MB/s]
 23%|\u2588\u2588\u258e       | 419M/1.79G [01:54<05:40, 4.35MB/s]
 23%|\u2588\u2588\u258e       | 420M/1.79G [01:54<05:54, 4.17MB/s]
 23%|\u2588\u2588\u258e       | 420M/1.79G [01:54<05:45, 4.27MB/s]
 23%|\u2588\u2588\u258e       | 421M/1.79G [01:54<05:42, 4.32MB/s]
 23%|\u2588\u2588\u258e       | 421M/1.79G [01:55<05:43, 4.30MB/s]
 23%|\u2588\u2588\u258e       | 422M/1.79G [01:55<05:49, 4.22MB/s]
 23%|\u2588\u2588\u258e       | 422M/1.79G [01:55<05:39, 4.35MB/s]
 23%|\u2588\u2588\u258e       | 422M/1.79G [01:55<05:58, 4.11MB/s]
 23%|\u2588\u2588\u258e       | 423M/1.79G [01:55<05:51, 4.20MB/s]
 23%|\u2588\u2588\u258e       | 423M/1.79G [01:55<05:42, 4.31MB/s]
 23%|\u2588\u2588\u258e       | 424M/1.79G [01:55<05:35, 4.39MB/s]
 23%|\u2588\u2588\u258e       | 424M/1.79G [01:55<05:34, 4.40MB/s]
 23%|\u2588\u2588\u258e       | 425M/1.79G [01:55<05:27, 4.50MB/s]
 23%|\u2588\u2588\u258e       | 425M/1.79G [01:55<05:24, 4.53MB/s]
 23%|\u2588\u2588\u258e       | 425M/1.79G [01:56<05:31, 4.44MB/s]
 23%|\u2588\u2588\u258e       | 426M/1.79G [01:56<05:35, 4.39MB/s]
 23%|\u2588\u2588\u258e       | 426M/1.79G [01:56<05:29, 4.46MB/s]
 23%|\u2588\u2588\u258e       | 427M/1.79G [01:56<05:23, 4.55MB/s]
 23%|\u2588\u2588\u258e       | 427M/1.79G [01:56<05:20, 4.59MB/s]
 23%|\u2588\u2588\u258e       | 428M/1.79G [01:56<05:34, 4.39MB/s]
 23%|\u2588\u2588\u258e       | 428M/1.79G [01:56<05:25, 4.51MB/s]
 23%|\u2588\u2588\u258e       | 429M/1.79G [01:56<05:25, 4.52MB/s]
 23%|\u2588\u2588\u258e       | 429M/1.79G [01:56<05:27, 4.49MB/s]
 23%|\u2588\u2588\u258e       | 430M/1.79G [01:57<05:27, 4.48MB/s]
 24%|\u2588\u2588\u258e       | 430M/1.79G [01:57<05:20, 4.58MB/s]
 24%|\u2588\u2588\u258e       | 430M/1.79G [01:57<05:18, 4.61MB/s]
 24%|\u2588\u2588\u258e       | 431M/1.79G [01:57<05:17, 4.62MB/s]
 24%|\u2588\u2588\u258e       | 431M/1.79G [01:57<05:20, 4.57MB/s]
 24%|\u2588\u2588\u258e       | 432M/1.79G [01:57<05:18, 4.59MB/s]
 24%|\u2588\u2588\u258e       | 432M/1.79G [01:57<05:25, 4.50MB/s]
 24%|\u2588\u2588\u258e       | 433M/1.79G [01:57<05:30, 4.43MB/s]
 24%|\u2588\u2588\u258e       | 433M/1.79G [01:57<05:28, 4.46MB/s]
 24%|\u2588\u2588\u258e       | 434M/1.79G [01:57<05:26, 4.49MB/s]
 24%|\u2588\u2588\u258e       | 434M/1.79G [01:58<05:24, 4.51MB/s]
 24%|\u2588\u2588\u258d       | 435M/1.79G [01:58<05:24, 4.51MB/s]
 24%|\u2588\u2588\u258d       | 435M/1.79G [01:58<05:19, 4.58MB/s]
 24%|\u2588\u2588\u258d       | 435M/1.79G [01:58<05:22, 4.53MB/s]
 24%|\u2588\u2588\u258d       | 436M/1.79G [01:58<05:21, 4.55MB/s]
 24%|\u2588\u2588\u258d       | 436M/1.79G [01:58<05:21, 4.55MB/s]
 24%|\u2588\u2588\u258d       | 437M/1.79G [01:58<05:25, 4.48MB/s]
 24%|\u2588\u2588\u258d       | 437M/1.79G [01:58<05:28, 4.45MB/s]
 24%|\u2588\u2588\u258d       | 438M/1.79G [01:58<05:50, 4.17MB/s]
 24%|\u2588\u2588\u258d       | 438M/1.79G [01:59<05:45, 4.22MB/s]
 24%|\u2588\u2588\u258d       | 438M/1.79G [01:59<05:56, 4.09MB/s]
 24%|\u2588\u2588\u258d       | 439M/1.79G [01:59<06:17, 3.86MB/s]
 24%|\u2588\u2588\u258d       | 439M/1.79G [01:59<05:57, 4.07MB/s]
 24%|\u2588\u2588\u258d       | 440M/1.79G [01:59<05:51, 4.14MB/s]
 24%|\u2588\u2588\u258d       | 440M/1.79G [01:59<06:02, 4.01MB/s]
 24%|\u2588\u2588\u258d       | 441M/1.79G [01:59<05:59, 4.05MB/s]
 24%|\u2588\u2588\u258d       | 441M/1.79G [01:59<05:47, 4.19MB/s]
 24%|\u2588\u2588\u258d       | 441M/1.79G [01:59<05:36, 4.33MB/s]
 24%|\u2588\u2588\u258d       | 442M/1.79G [02:00<05:31, 4.39MB/s]
 24%|\u2588\u2588\u258d       | 442M/1.79G [02:00<05:33, 4.36MB/s]
 24%|\u2588\u2588\u258d       | 443M/1.79G [02:00<05:28, 4.42MB/s]
 24%|\u2588\u2588\u258d       | 443M/1.79G [02:00<05:26, 4.45MB/s]
 24%|\u2588\u2588\u258d       | 444M/1.79G [02:00<05:21, 4.51MB/s]
 24%|\u2588\u2588\u258d       | 444M/1.79G [02:00<05:22, 4.50MB/s]
 24%|\u2588\u2588\u258d       | 445M/1.79G [02:00<05:17, 4.57MB/s]
 24%|\u2588\u2588\u258d       | 445M/1.79G [02:00<05:26, 4.45MB/s]
 24%|\u2588\u2588\u258d       | 445M/1.79G [02:00<05:29, 4.41MB/s]
 24%|\u2588\u2588\u258d       | 446M/1.79G [02:00<05:30, 4.38MB/s]
 24%|\u2588\u2588\u258d       | 446M/1.79G [02:01<06:06, 3.95MB/s]
 24%|\u2588\u2588\u258d       | 447M/1.79G [02:01<06:14, 3.87MB/s]
 24%|\u2588\u2588\u258d       | 447M/1.79G [02:01<06:17, 3.83MB/s]
 24%|\u2588\u2588\u258d       | 448M/1.79G [02:01<05:59, 4.03MB/s]
 24%|\u2588\u2588\u258d       | 448M/1.79G [02:01<05:44, 4.20MB/s]
 25%|\u2588\u2588\u258d       | 448M/1.79G [02:01<05:32, 4.35MB/s]
 25%|\u2588\u2588\u258d       | 449M/1.79G [02:01<05:36, 4.30MB/s]
 25%|\u2588\u2588\u258d       | 449M/1.79G [02:01<05:27, 4.42MB/s]
 25%|\u2588\u2588\u258d       | 450M/1.79G [02:01<05:23, 4.48MB/s]
 25%|\u2588\u2588\u258d       | 450M/1.79G [02:02<05:18, 4.54MB/s]
 25%|\u2588\u2588\u258d       | 451M/1.79G [02:02<05:15, 4.58MB/s]
 25%|\u2588\u2588\u258d       | 451M/1.79G [02:02<05:20, 4.51MB/s]
 25%|\u2588\u2588\u258d       | 452M/1.79G [02:02<05:16, 4.56MB/s]
 25%|\u2588\u2588\u258d       | 452M/1.79G [02:02<05:14, 4.59MB/s]
 25%|\u2588\u2588\u258d       | 452M/1.79G [02:02<05:14, 4.60MB/s]
 25%|\u2588\u2588\u258d       | 453M/1.79G [02:02<05:10, 4.64MB/s]
 25%|\u2588\u2588\u258d       | 453M/1.79G [02:02<05:13, 4.61MB/s]
 25%|\u2588\u2588\u258d       | 454M/1.79G [02:02<05:11, 4.63MB/s]
 25%|\u2588\u2588\u258d       | 454M/1.79G [02:02<05:23, 4.46MB/s]
 25%|\u2588\u2588\u258d       | 455M/1.79G [02:03<05:23, 4.45MB/s]
 25%|\u2588\u2588\u258d       | 455M/1.79G [02:03<05:17, 4.54MB/s]
 25%|\u2588\u2588\u258d       | 456M/1.79G [02:03<05:25, 4.42MB/s]
 25%|\u2588\u2588\u258d       | 456M/1.79G [02:03<05:20, 4.49MB/s]
 25%|\u2588\u2588\u258d       | 457M/1.79G [02:03<05:15, 4.56MB/s]
 25%|\u2588\u2588\u258d       | 457M/1.79G [02:03<05:12, 4.60MB/s]
 25%|\u2588\u2588\u258c       | 457M/1.79G [02:03<05:13, 4.59MB/s]
 25%|\u2588\u2588\u258c       | 458M/1.79G [02:03<05:13, 4.58MB/s]
 25%|\u2588\u2588\u258c       | 458M/1.79G [02:03<05:17, 4.53MB/s]
 25%|\u2588\u2588\u258c       | 459M/1.79G [02:03<05:12, 4.59MB/s]
 25%|\u2588\u2588\u258c       | 459M/1.79G [02:04<05:50, 4.10MB/s]
 25%|\u2588\u2588\u258c       | 460M/1.79G [02:04<05:58, 4.01MB/s]
 25%|\u2588\u2588\u258c       | 460M/1.79G [02:04<05:52, 4.08MB/s]
 25%|\u2588\u2588\u258c       | 461M/1.79G [02:04<05:43, 4.18MB/s]
 25%|\u2588\u2588\u258c       | 461M/1.79G [02:04<05:48, 4.11MB/s]
 25%|\u2588\u2588\u258c       | 461M/1.79G [02:04<05:38, 4.23MB/s]
 25%|\u2588\u2588\u258c       | 462M/1.79G [02:04<05:43, 4.18MB/s]
 25%|\u2588\u2588\u258c       | 462M/1.79G [02:04<05:58, 4.00MB/s]
 25%|\u2588\u2588\u258c       | 463M/1.79G [02:04<05:49, 4.09MB/s]
 25%|\u2588\u2588\u258c       | 463M/1.79G [02:05<05:40, 4.21MB/s]
 25%|\u2588\u2588\u258c       | 463M/1.79G [02:05<05:41, 4.20MB/s]
 25%|\u2588\u2588\u258c       | 464M/1.79G [02:05<05:32, 4.30MB/s]
 25%|\u2588\u2588\u258c       | 464M/1.79G [02:05<05:35, 4.26MB/s]
 25%|\u2588\u2588\u258c       | 465M/1.79G [02:05<05:28, 4.36MB/s]
 25%|\u2588\u2588\u258c       | 465M/1.79G [02:05<05:25, 4.39MB/s]
 25%|\u2588\u2588\u258c       | 466M/1.79G [02:05<05:22, 4.43MB/s]
 25%|\u2588\u2588\u258c       | 466M/1.79G [02:05<05:17, 4.49MB/s]
 26%|\u2588\u2588\u258c       | 467M/1.79G [02:05<05:17, 4.49MB/s]
 26%|\u2588\u2588\u258c       | 467M/1.79G [02:06<05:29, 4.33MB/s]
 26%|\u2588\u2588\u258c       | 467M/1.79G [02:06<05:22, 4.43MB/s]
 26%|\u2588\u2588\u258c       | 468M/1.79G [02:06<05:29, 4.33MB/s]
 26%|\u2588\u2588\u258c       | 468M/1.79G [02:06<05:19, 4.47MB/s]
 26%|\u2588\u2588\u258c       | 469M/1.79G [02:06<05:38, 4.21MB/s]
 26%|\u2588\u2588\u258c       | 469M/1.79G [02:06<05:40, 4.18MB/s]
 26%|\u2588\u2588\u258c       | 470M/1.79G [02:06<05:40, 4.19MB/s]
 26%|\u2588\u2588\u258c       | 470M/1.79G [02:06<05:29, 4.33MB/s]
 26%|\u2588\u2588\u258c       | 471M/1.79G [02:06<05:23, 4.40MB/s]
 26%|\u2588\u2588\u258c       | 471M/1.79G [02:06<05:16, 4.49MB/s]
 26%|\u2588\u2588\u258c       | 471M/1.79G [02:07<05:09, 4.59MB/s]
 26%|\u2588\u2588\u258c       | 472M/1.79G [02:07<05:20, 4.45MB/s]
 26%|\u2588\u2588\u258c       | 472M/1.79G [02:07<05:15, 4.50MB/s]
 26%|\u2588\u2588\u258c       | 473M/1.79G [02:07<05:23, 4.40MB/s]
 26%|\u2588\u2588\u258c       | 473M/1.79G [02:07<05:18, 4.46MB/s]
 26%|\u2588\u2588\u258c       | 474M/1.79G [02:07<05:17, 4.48MB/s]
 26%|\u2588\u2588\u258c       | 474M/1.79G [02:07<05:15, 4.50MB/s]
 26%|\u2588\u2588\u258c       | 475M/1.79G [02:07<05:10, 4.57MB/s]
 26%|\u2588\u2588\u258c       | 475M/1.79G [02:07<05:24, 4.38MB/s]
 26%|\u2588\u2588\u258c       | 475M/1.79G [02:08<05:21, 4.41MB/s]
 26%|\u2588\u2588\u258c       | 476M/1.79G [02:08<05:15, 4.49MB/s]
 26%|\u2588\u2588\u258c       | 476M/1.79G [02:08<05:21, 4.41MB/s]
 26%|\u2588\u2588\u258c       | 477M/1.79G [02:08<05:16, 4.48MB/s]
 26%|\u2588\u2588\u258c       | 477M/1.79G [02:08<05:17, 4.46MB/s]
 26%|\u2588\u2588\u258c       | 478M/1.79G [02:08<05:18, 4.45MB/s]
 26%|\u2588\u2588\u258c       | 478M/1.79G [02:08<05:14, 4.50MB/s]
 26%|\u2588\u2588\u258c       | 479M/1.79G [02:08<05:17, 4.47MB/s]
 26%|\u2588\u2588\u258c       | 479M/1.79G [02:08<05:12, 4.53MB/s]
 26%|\u2588\u2588\u258c       | 479M/1.79G [02:08<05:17, 4.45MB/s]
 26%|\u2588\u2588\u258c       | 480M/1.79G [02:09<05:18, 4.44MB/s]
 26%|\u2588\u2588\u258b       | 480M/1.79G [02:09<05:48, 4.06MB/s]
 26%|\u2588\u2588\u258b       | 481M/1.79G [02:09<05:37, 4.19MB/s]
 26%|\u2588\u2588\u258b       | 481M/1.79G [02:09<05:40, 4.15MB/s]
 26%|\u2588\u2588\u258b       | 482M/1.79G [02:09<06:00, 3.92MB/s]
 26%|\u2588\u2588\u258b       | 482M/1.79G [02:09<05:56, 3.96MB/s]
 26%|\u2588\u2588\u258b       | 482M/1.79G [02:09<05:50, 4.02MB/s]
 26%|\u2588\u2588\u258b       | 483M/1.79G [02:09<05:40, 4.15MB/s]
 26%|\u2588\u2588\u258b       | 483M/1.79G [02:09<05:48, 4.04MB/s]
 26%|\u2588\u2588\u258b       | 484M/1.79G [02:10<05:51, 4.01MB/s]
 26%|\u2588\u2588\u258b       | 484M/1.79G [02:10<05:43, 4.10MB/s]
 26%|\u2588\u2588\u258b       | 485M/1.79G [02:10<05:32, 4.24MB/s]
 27%|\u2588\u2588\u258b       | 485M/1.79G [02:10<05:50, 4.02MB/s]
 27%|\u2588\u2588\u258b       | 485M/1.79G [02:10<05:39, 4.15MB/s]
 27%|\u2588\u2588\u258b       | 486M/1.79G [02:10<05:31, 4.25MB/s]
 27%|\u2588\u2588\u258b       | 486M/1.79G [02:10<05:24, 4.34MB/s]
 27%|\u2588\u2588\u258b       | 487M/1.79G [02:10<05:22, 4.37MB/s]
 27%|\u2588\u2588\u258b       | 487M/1.79G [02:10<05:15, 4.46MB/s]
 27%|\u2588\u2588\u258b       | 488M/1.79G [02:11<05:41, 4.12MB/s]
 27%|\u2588\u2588\u258b       | 488M/1.79G [02:11<05:31, 4.24MB/s]
 27%|\u2588\u2588\u258b       | 488M/1.79G [02:11<05:25, 4.31MB/s]
 27%|\u2588\u2588\u258b       | 489M/1.79G [02:11<05:21, 4.36MB/s]
 27%|\u2588\u2588\u258b       | 489M/1.79G [02:11<05:18, 4.42MB/s]
 27%|\u2588\u2588\u258b       | 490M/1.79G [02:11<05:21, 4.37MB/s]
 27%|\u2588\u2588\u258b       | 490M/1.79G [02:11<05:35, 4.19MB/s]
 27%|\u2588\u2588\u258b       | 491M/1.79G [02:11<05:24, 4.32MB/s]
 27%|\u2588\u2588\u258b       | 491M/1.79G [02:11<05:40, 4.12MB/s]
 27%|\u2588\u2588\u258b       | 492M/1.79G [02:12<05:33, 4.21MB/s]
 27%|\u2588\u2588\u258b       | 492M/1.79G [02:12<05:23, 4.33MB/s]
 27%|\u2588\u2588\u258b       | 492M/1.79G [02:12<05:15, 4.44MB/s]
 27%|\u2588\u2588\u258b       | 493M/1.79G [02:12<05:11, 4.50MB/s]
 27%|\u2588\u2588\u258b       | 493M/1.79G [02:12<05:09, 4.52MB/s]
 27%|\u2588\u2588\u258b       | 494M/1.79G [02:12<05:11, 4.50MB/s]
 27%|\u2588\u2588\u258b       | 494M/1.79G [02:12<05:09, 4.52MB/s]
 27%|\u2588\u2588\u258b       | 495M/1.79G [02:12<05:12, 4.48MB/s]
 27%|\u2588\u2588\u258b       | 495M/1.79G [02:12<05:11, 4.48MB/s]
 27%|\u2588\u2588\u258b       | 496M/1.79G [02:12<05:12, 4.47MB/s]
 27%|\u2588\u2588\u258b       | 496M/1.79G [02:13<05:25, 4.29MB/s]
 27%|\u2588\u2588\u258b       | 496M/1.79G [02:13<05:37, 4.14MB/s]
 27%|\u2588\u2588\u258b       | 497M/1.79G [02:13<05:25, 4.29MB/s]
 27%|\u2588\u2588\u258b       | 497M/1.79G [02:13<05:19, 4.37MB/s]
 27%|\u2588\u2588\u258b       | 498M/1.79G [02:13<05:12, 4.46MB/s]
 27%|\u2588\u2588\u258b       | 498M/1.79G [02:13<05:10, 4.49MB/s]
 27%|\u2588\u2588\u258b       | 499M/1.79G [02:13<05:12, 4.46MB/s]
 27%|\u2588\u2588\u258b       | 499M/1.79G [02:13<05:06, 4.55MB/s]
 27%|\u2588\u2588\u258b       | 500M/1.79G [02:13<05:07, 4.53MB/s]
 27%|\u2588\u2588\u258b       | 500M/1.79G [02:13<05:13, 4.45MB/s]
 27%|\u2588\u2588\u258b       | 500M/1.79G [02:14<05:13, 4.44MB/s]
 27%|\u2588\u2588\u258b       | 501M/1.79G [02:14<05:12, 4.45MB/s]
 27%|\u2588\u2588\u258b       | 501M/1.79G [02:14<05:13, 4.44MB/s]
 27%|\u2588\u2588\u258b       | 502M/1.79G [02:14<05:15, 4.41MB/s]
 27%|\u2588\u2588\u258b       | 502M/1.79G [02:14<05:17, 4.38MB/s]
 27%|\u2588\u2588\u258b       | 503M/1.79G [02:14<05:10, 4.48MB/s]
 28%|\u2588\u2588\u258a       | 503M/1.79G [02:14<05:06, 4.54MB/s]
 28%|\u2588\u2588\u258a       | 504M/1.79G [02:14<05:04, 4.57MB/s]
 28%|\u2588\u2588\u258a       | 504M/1.79G [02:14<05:03, 4.58MB/s]
 28%|\u2588\u2588\u258a       | 504M/1.79G [02:15<05:05, 4.55MB/s]
 28%|\u2588\u2588\u258a       | 505M/1.79G [02:15<05:01, 4.60MB/s]
 28%|\u2588\u2588\u258a       | 505M/1.79G [02:15<05:11, 4.46MB/s]
 28%|\u2588\u2588\u258a       | 506M/1.79G [02:15<05:05, 4.54MB/s]
 28%|\u2588\u2588\u258a       | 506M/1.79G [02:15<05:04, 4.55MB/s]
 28%|\u2588\u2588\u258a       | 507M/1.79G [02:15<05:08, 4.50MB/s]
 28%|\u2588\u2588\u258a       | 507M/1.79G [02:15<05:38, 4.09MB/s]
 28%|\u2588\u2588\u258a       | 507M/1.79G [02:15<05:43, 4.03MB/s]
 28%|\u2588\u2588\u258a       | 508M/1.79G [02:15<06:14, 3.70MB/s]
 28%|\u2588\u2588\u258a       | 508M/1.79G [02:16<05:49, 3.96MB/s]
 28%|\u2588\u2588\u258a       | 509M/1.79G [02:16<05:35, 4.13MB/s]
 28%|\u2588\u2588\u258a       | 509M/1.79G [02:16<05:18, 4.35MB/s]
 28%|\u2588\u2588\u258a       | 510M/1.79G [02:16<05:10, 4.46MB/s]
 28%|\u2588\u2588\u258a       | 510M/1.79G [02:16<05:07, 4.50MB/s]
 28%|\u2588\u2588\u258a       | 511M/1.79G [02:16<05:03, 4.55MB/s]
 28%|\u2588\u2588\u258a       | 511M/1.79G [02:16<05:04, 4.54MB/s]
 28%|\u2588\u2588\u258a       | 511M/1.79G [02:16<05:02, 4.57MB/s]
 28%|\u2588\u2588\u258a       | 512M/1.79G [02:16<05:02, 4.57MB/s]
 28%|\u2588\u2588\u258a       | 512M/1.79G [02:16<04:59, 4.62MB/s]
 28%|\u2588\u2588\u258a       | 513M/1.79G [02:17<04:58, 4.63MB/s]
 28%|\u2588\u2588\u258a       | 513M/1.79G [02:17<04:58, 4.62MB/s]
 28%|\u2588\u2588\u258a       | 514M/1.79G [02:17<05:02, 4.56MB/s]
 28%|\u2588\u2588\u258a       | 514M/1.79G [02:17<05:07, 4.49MB/s]
 28%|\u2588\u2588\u258a       | 515M/1.79G [02:17<05:07, 4.48MB/s]
 28%|\u2588\u2588\u258a       | 515M/1.79G [02:17<05:03, 4.54MB/s]
 28%|\u2588\u2588\u258a       | 515M/1.79G [02:17<05:04, 4.52MB/s]
 28%|\u2588\u2588\u258a       | 516M/1.79G [02:17<05:04, 4.53MB/s]
 28%|\u2588\u2588\u258a       | 516M/1.79G [02:17<05:02, 4.55MB/s]
 28%|\u2588\u2588\u258a       | 517M/1.79G [02:17<05:00, 4.57MB/s]
 28%|\u2588\u2588\u258a       | 517M/1.79G [02:18<05:08, 4.46MB/s]
 28%|\u2588\u2588\u258a       | 518M/1.79G [02:18<05:14, 4.38MB/s]
 28%|\u2588\u2588\u258a       | 518M/1.79G [02:18<05:10, 4.43MB/s]
 28%|\u2588\u2588\u258a       | 519M/1.79G [02:18<05:04, 4.52MB/s]
 28%|\u2588\u2588\u258a       | 519M/1.79G [02:18<05:03, 4.53MB/s]
 28%|\u2588\u2588\u258a       | 519M/1.79G [02:18<04:57, 4.61MB/s]
 28%|\u2588\u2588\u258a       | 520M/1.79G [02:18<05:00, 4.56MB/s]
 28%|\u2588\u2588\u258a       | 520M/1.79G [02:18<04:56, 4.62MB/s]
 28%|\u2588\u2588\u258a       | 521M/1.79G [02:18<04:59, 4.57MB/s]
 29%|\u2588\u2588\u258a       | 521M/1.79G [02:19<04:59, 4.57MB/s]
 29%|\u2588\u2588\u258a       | 522M/1.79G [02:19<05:00, 4.56MB/s]
 29%|\u2588\u2588\u258a       | 522M/1.79G [02:19<05:02, 4.53MB/s]
 29%|\u2588\u2588\u258a       | 523M/1.79G [02:19<05:05, 4.48MB/s]
 29%|\u2588\u2588\u258a       | 523M/1.79G [02:19<05:05, 4.48MB/s]
 29%|\u2588\u2588\u258a       | 523M/1.79G [02:19<05:12, 4.38MB/s]
 29%|\u2588\u2588\u258a       | 524M/1.79G [02:19<05:11, 4.39MB/s]
 29%|\u2588\u2588\u258a       | 524M/1.79G [02:19<05:07, 4.44MB/s]
 29%|\u2588\u2588\u258a       | 525M/1.79G [02:19<05:02, 4.53MB/s]
 29%|\u2588\u2588\u258a       | 525M/1.79G [02:19<05:01, 4.54MB/s]
 29%|\u2588\u2588\u258a       | 526M/1.79G [02:20<05:00, 4.55MB/s]
 29%|\u2588\u2588\u2589       | 526M/1.79G [02:20<05:03, 4.50MB/s]
 29%|\u2588\u2588\u2589       | 527M/1.79G [02:20<05:05, 4.47MB/s]
 29%|\u2588\u2588\u2589       | 527M/1.79G [02:20<05:01, 4.53MB/s]
 29%|\u2588\u2588\u2589       | 527M/1.79G [02:20<05:00, 4.54MB/s]
 29%|\u2588\u2588\u2589       | 528M/1.79G [02:20<05:00, 4.53MB/s]
 29%|\u2588\u2588\u2589       | 528M/1.79G [02:20<05:20, 4.26MB/s]
 29%|\u2588\u2588\u2589       | 529M/1.79G [02:20<05:17, 4.29MB/s]
 29%|\u2588\u2588\u2589       | 529M/1.79G [02:20<05:12, 4.36MB/s]
 29%|\u2588\u2588\u2589       | 530M/1.79G [02:20<05:14, 4.34MB/s]
 29%|\u2588\u2588\u2589       | 530M/1.79G [02:21<05:02, 4.50MB/s]
 29%|\u2588\u2588\u2589       | 531M/1.79G [02:21<04:59, 4.54MB/s]
 29%|\u2588\u2588\u2589       | 531M/1.79G [02:21<05:07, 4.43MB/s]
 29%|\u2588\u2588\u2589       | 531M/1.79G [02:21<05:07, 4.42MB/s]
 29%|\u2588\u2588\u2589       | 532M/1.79G [02:21<05:03, 4.48MB/s]
 29%|\u2588\u2588\u2589       | 532M/1.79G [02:21<04:58, 4.56MB/s]
 29%|\u2588\u2588\u2589       | 533M/1.79G [02:21<04:57, 4.56MB/s]
 29%|\u2588\u2588\u2589       | 533M/1.79G [02:21<05:11, 4.36MB/s]
 29%|\u2588\u2588\u2589       | 534M/1.79G [02:21<05:12, 4.35MB/s]
 29%|\u2588\u2588\u2589       | 534M/1.79G [02:22<05:08, 4.40MB/s]
 29%|\u2588\u2588\u2589       | 535M/1.79G [02:22<04:58, 4.54MB/s]
 29%|\u2588\u2588\u2589       | 535M/1.79G [02:22<04:57, 4.56MB/s]
 29%|\u2588\u2588\u2589       | 536M/1.79G [02:22<04:54, 4.60MB/s]
 29%|\u2588\u2588\u2589       | 536M/1.79G [02:22<05:00, 4.52MB/s]
 29%|\u2588\u2588\u2589       | 536M/1.79G [02:22<04:57, 4.56MB/s]
 29%|\u2588\u2588\u2589       | 537M/1.79G [02:22<04:52, 4.62MB/s]
 29%|\u2588\u2588\u2589       | 537M/1.79G [02:22<04:53, 4.62MB/s]
 29%|\u2588\u2588\u2589       | 538M/1.79G [02:22<04:54, 4.59MB/s]
 29%|\u2588\u2588\u2589       | 538M/1.79G [02:22<04:56, 4.56MB/s]
 29%|\u2588\u2588\u2589       | 539M/1.79G [02:23<05:14, 4.30MB/s]
 29%|\u2588\u2588\u2589       | 539M/1.79G [02:23<05:06, 4.42MB/s]
 30%|\u2588\u2588\u2589       | 540M/1.79G [02:23<05:00, 4.50MB/s]
 30%|\u2588\u2588\u2589       | 540M/1.79G [02:23<04:59, 4.51MB/s]
 30%|\u2588\u2588\u2589       | 540M/1.79G [02:23<05:03, 4.46MB/s]
 30%|\u2588\u2588\u2589       | 541M/1.79G [02:23<05:01, 4.48MB/s]
 30%|\u2588\u2588\u2589       | 541M/1.79G [02:23<05:00, 4.49MB/s]
 30%|\u2588\u2588\u2589       | 542M/1.79G [02:23<04:59, 4.51MB/s]
 30%|\u2588\u2588\u2589       | 542M/1.79G [02:23<04:56, 4.56MB/s]
 30%|\u2588\u2588\u2589       | 543M/1.79G [02:24<04:59, 4.50MB/s]
 30%|\u2588\u2588\u2589       | 543M/1.79G [02:24<04:56, 4.55MB/s]
 30%|\u2588\u2588\u2589       | 544M/1.79G [02:24<05:01, 4.47MB/s]
 30%|\u2588\u2588\u2589       | 544M/1.79G [02:24<05:26, 4.13MB/s]
 30%|\u2588\u2588\u2589       | 544M/1.79G [02:24<05:30, 4.08MB/s]
 30%|\u2588\u2588\u2589       | 545M/1.79G [02:24<05:42, 3.93MB/s]
 30%|\u2588\u2588\u2589       | 545M/1.79G [02:24<05:44, 3.91MB/s]
 30%|\u2588\u2588\u2589       | 546M/1.79G [02:24<05:35, 4.01MB/s]
 30%|\u2588\u2588\u2589       | 546M/1.79G [02:24<05:24, 4.14MB/s]
 30%|\u2588\u2588\u2589       | 547M/1.79G [02:25<05:19, 4.21MB/s]
 30%|\u2588\u2588\u2589       | 547M/1.79G [02:25<05:09, 4.35MB/s]
 30%|\u2588\u2588\u2589       | 547M/1.79G [02:25<05:06, 4.39MB/s]
 30%|\u2588\u2588\u2589       | 548M/1.79G [02:25<05:06, 4.38MB/s]
 30%|\u2588\u2588\u2589       | 548M/1.79G [02:25<05:02, 4.44MB/s]
 30%|\u2588\u2588\u2588       | 549M/1.79G [02:25<04:58, 4.50MB/s]
 30%|\u2588\u2588\u2588       | 549M/1.79G [02:25<04:58, 4.49MB/s]
 30%|\u2588\u2588\u2588       | 550M/1.79G [02:25<04:58, 4.49MB/s]
 30%|\u2588\u2588\u2588       | 550M/1.79G [02:25<05:24, 4.14MB/s]
 30%|\u2588\u2588\u2588       | 551M/1.79G [02:25<05:17, 4.22MB/s]
 30%|\u2588\u2588\u2588       | 551M/1.79G [02:26<05:07, 4.36MB/s]
 30%|\u2588\u2588\u2588       | 551M/1.79G [02:26<05:03, 4.41MB/s]
 30%|\u2588\u2588\u2588       | 552M/1.79G [02:26<05:04, 4.40MB/s]
 30%|\u2588\u2588\u2588       | 552M/1.79G [02:26<04:59, 4.47MB/s]
 30%|\u2588\u2588\u2588       | 553M/1.79G [02:26<04:54, 4.54MB/s]
 30%|\u2588\u2588\u2588       | 553M/1.79G [02:26<04:54, 4.54MB/s]
 30%|\u2588\u2588\u2588       | 554M/1.79G [02:26<05:22, 4.14MB/s]
 30%|\u2588\u2588\u2588       | 554M/1.79G [02:26<05:15, 4.24MB/s]
 30%|\u2588\u2588\u2588       | 555M/1.79G [02:26<05:13, 4.26MB/s]
 30%|\u2588\u2588\u2588       | 555M/1.79G [02:27<05:13, 4.27MB/s]
 30%|\u2588\u2588\u2588       | 555M/1.79G [02:27<05:14, 4.25MB/s]
 30%|\u2588\u2588\u2588       | 556M/1.79G [02:27<05:56, 3.74MB/s]
 30%|\u2588\u2588\u2588       | 556M/1.79G [02:27<05:44, 3.87MB/s]
 30%|\u2588\u2588\u2588       | 557M/1.79G [02:27<05:29, 4.05MB/s]
 30%|\u2588\u2588\u2588       | 557M/1.79G [02:27<05:17, 4.20MB/s]
 30%|\u2588\u2588\u2588       | 558M/1.79G [02:27<05:12, 4.26MB/s]
 31%|\u2588\u2588\u2588       | 558M/1.79G [02:27<06:30, 3.41MB/s]
 31%|\u2588\u2588\u2588       | 558M/1.79G [02:27<06:23, 3.48MB/s]
 31%|\u2588\u2588\u2588       | 559M/1.79G [02:28<05:58, 3.72MB/s]
 31%|\u2588\u2588\u2588       | 559M/1.79G [02:28<05:49, 3.81MB/s]
 31%|\u2588\u2588\u2588       | 560M/1.79G [02:28<06:01, 3.68MB/s]
 31%|\u2588\u2588\u2588       | 560M/1.79G [02:28<05:56, 3.74MB/s]
 31%|\u2588\u2588\u2588       | 560M/1.79G [02:28<06:00, 3.69MB/s]
 31%|\u2588\u2588\u2588       | 561M/1.79G [02:28<05:54, 3.75MB/s]
 31%|\u2588\u2588\u2588       | 561M/1.79G [02:28<05:55, 3.74MB/s]
 31%|\u2588\u2588\u2588       | 561M/1.79G [02:28<05:51, 3.79MB/s]
 31%|\u2588\u2588\u2588       | 562M/1.79G [02:28<05:34, 3.97MB/s]
 31%|\u2588\u2588\u2588       | 562M/1.79G [02:29<05:13, 4.23MB/s]
 31%|\u2588\u2588\u2588       | 563M/1.79G [02:29<05:13, 4.23MB/s]
 31%|\u2588\u2588\u2588       | 563M/1.79G [02:29<05:03, 4.37MB/s]
 31%|\u2588\u2588\u2588       | 564M/1.79G [02:29<05:16, 4.20MB/s]
 31%|\u2588\u2588\u2588       | 564M/1.79G [02:29<05:15, 4.20MB/s]
 31%|\u2588\u2588\u2588       | 564M/1.79G [02:29<05:07, 4.31MB/s]
 31%|\u2588\u2588\u2588       | 565M/1.79G [02:29<05:06, 4.32MB/s]
 31%|\u2588\u2588\u2588       | 565M/1.79G [02:29<05:13, 4.22MB/s]
 31%|\u2588\u2588\u2588       | 566M/1.79G [02:29<05:10, 4.26MB/s]
 31%|\u2588\u2588\u2588       | 566M/1.79G [02:29<05:03, 4.36MB/s]
 31%|\u2588\u2588\u2588       | 567M/1.79G [02:30<05:04, 4.34MB/s]
 31%|\u2588\u2588\u2588       | 567M/1.79G [02:30<04:55, 4.47MB/s]
 31%|\u2588\u2588\u2588       | 568M/1.79G [02:30<06:13, 3.54MB/s]
 31%|\u2588\u2588\u2588       | 568M/1.79G [02:30<05:54, 3.73MB/s]
 31%|\u2588\u2588\u2588       | 568M/1.79G [02:30<05:38, 3.90MB/s]
 31%|\u2588\u2588\u2588       | 569M/1.79G [02:30<05:25, 4.06MB/s]
 31%|\u2588\u2588\u2588       | 569M/1.79G [02:30<05:13, 4.22MB/s]
 31%|\u2588\u2588\u2588       | 570M/1.79G [02:30<05:10, 4.25MB/s]
 31%|\u2588\u2588\u2588       | 570M/1.79G [02:30<05:04, 4.34MB/s]
 31%|\u2588\u2588\u2588       | 571M/1.79G [02:31<05:04, 4.33MB/s]
 31%|\u2588\u2588\u2588       | 571M/1.79G [02:31<04:59, 4.41MB/s]
 31%|\u2588\u2588\u2588       | 571M/1.79G [02:31<05:01, 4.37MB/s]
 31%|\u2588\u2588\u2588\u258f      | 572M/1.79G [02:31<04:52, 4.51MB/s]
 31%|\u2588\u2588\u2588\u258f      | 572M/1.79G [02:31<04:49, 4.54MB/s]
 31%|\u2588\u2588\u2588\u258f      | 573M/1.79G [02:31<04:47, 4.58MB/s]
 31%|\u2588\u2588\u2588\u258f      | 573M/1.79G [02:31<04:46, 4.59MB/s]
 31%|\u2588\u2588\u2588\u258f      | 574M/1.79G [02:31<04:47, 4.58MB/s]
 31%|\u2588\u2588\u2588\u258f      | 574M/1.79G [02:31<04:42, 4.66MB/s]
 31%|\u2588\u2588\u2588\u258f      | 575M/1.79G [02:32<04:53, 4.48MB/s]
 31%|\u2588\u2588\u2588\u258f      | 575M/1.79G [02:32<04:52, 4.50MB/s]
 31%|\u2588\u2588\u2588\u258f      | 576M/1.79G [02:32<04:52, 4.49MB/s]
 31%|\u2588\u2588\u2588\u258f      | 576M/1.79G [02:32<04:50, 4.52MB/s]
 32%|\u2588\u2588\u2588\u258f      | 576M/1.79G [02:32<04:47, 4.56MB/s]
 32%|\u2588\u2588\u2588\u258f      | 577M/1.79G [02:32<04:50, 4.52MB/s]
 32%|\u2588\u2588\u2588\u258f      | 577M/1.79G [02:32<04:46, 4.59MB/s]
 32%|\u2588\u2588\u2588\u258f      | 578M/1.79G [02:32<04:45, 4.59MB/s]
 32%|\u2588\u2588\u2588\u258f      | 578M/1.79G [02:32<04:55, 4.44MB/s]
 32%|\u2588\u2588\u2588\u258f      | 579M/1.79G [02:32<04:55, 4.44MB/s]
 32%|\u2588\u2588\u2588\u258f      | 579M/1.79G [02:33<04:48, 4.54MB/s]
 32%|\u2588\u2588\u2588\u258f      | 580M/1.79G [02:33<04:47, 4.55MB/s]
 32%|\u2588\u2588\u2588\u258f      | 580M/1.79G [02:33<04:51, 4.50MB/s]
 32%|\u2588\u2588\u2588\u258f      | 580M/1.79G [02:33<04:53, 4.46MB/s]
 32%|\u2588\u2588\u2588\u258f      | 581M/1.79G [02:33<04:49, 4.53MB/s]
 32%|\u2588\u2588\u2588\u258f      | 581M/1.79G [02:33<04:50, 4.51MB/s]
 32%|\u2588\u2588\u2588\u258f      | 582M/1.79G [02:33<04:50, 4.50MB/s]
 32%|\u2588\u2588\u2588\u258f      | 582M/1.79G [02:33<05:11, 4.20MB/s]
 32%|\u2588\u2588\u2588\u258f      | 583M/1.79G [02:33<05:21, 4.06MB/s]
 32%|\u2588\u2588\u2588\u258f      | 583M/1.79G [02:34<05:12, 4.18MB/s]
 32%|\u2588\u2588\u2588\u258f      | 584M/1.79G [02:34<05:05, 4.28MB/s]
 32%|\u2588\u2588\u2588\u258f      | 584M/1.79G [02:34<05:00, 4.34MB/s]
 32%|\u2588\u2588\u2588\u258f      | 584M/1.79G [02:34<04:57, 4.38MB/s]
 32%|\u2588\u2588\u2588\u258f      | 585M/1.79G [02:34<04:55, 4.42MB/s]
 32%|\u2588\u2588\u2588\u258f      | 585M/1.79G [02:34<05:06, 4.25MB/s]
 32%|\u2588\u2588\u2588\u258f      | 586M/1.79G [02:34<05:01, 4.32MB/s]
 32%|\u2588\u2588\u2588\u258f      | 586M/1.79G [02:34<04:57, 4.38MB/s]
 32%|\u2588\u2588\u2588\u258f      | 587M/1.79G [02:34<04:59, 4.36MB/s]
 32%|\u2588\u2588\u2588\u258f      | 587M/1.79G [02:34<05:00, 4.33MB/s]
 32%|\u2588\u2588\u2588\u258f      | 587M/1.79G [02:35<04:58, 4.36MB/s]
 32%|\u2588\u2588\u2588\u258f      | 588M/1.79G [02:35<04:51, 4.46MB/s]
 32%|\u2588\u2588\u2588\u258f      | 588M/1.79G [02:35<05:07, 4.23MB/s]
 32%|\u2588\u2588\u2588\u258f      | 589M/1.79G [02:35<05:02, 4.30MB/s]
 32%|\u2588\u2588\u2588\u258f      | 589M/1.79G [02:35<05:07, 4.23MB/s]
 32%|\u2588\u2588\u2588\u258f      | 590M/1.79G [02:35<04:55, 4.39MB/s]
 32%|\u2588\u2588\u2588\u258f      | 590M/1.79G [02:35<04:50, 4.47MB/s]
 32%|\u2588\u2588\u2588\u258f      | 591M/1.79G [02:35<05:11, 4.17MB/s]
 32%|\u2588\u2588\u2588\u258f      | 591M/1.79G [02:35<05:01, 4.30MB/s]
 32%|\u2588\u2588\u2588\u258f      | 591M/1.79G [02:36<05:06, 4.23MB/s]
 32%|\u2588\u2588\u2588\u258f      | 592M/1.79G [02:36<05:04, 4.26MB/s]
 32%|\u2588\u2588\u2588\u258f      | 592M/1.79G [02:36<05:08, 4.21MB/s]
 32%|\u2588\u2588\u2588\u258f      | 593M/1.79G [02:36<04:58, 4.34MB/s]
 32%|\u2588\u2588\u2588\u258f      | 593M/1.79G [02:36<04:51, 4.44MB/s]
 32%|\u2588\u2588\u2588\u258f      | 594M/1.79G [02:36<04:47, 4.50MB/s]
 32%|\u2588\u2588\u2588\u258f      | 594M/1.79G [02:36<04:52, 4.43MB/s]
 33%|\u2588\u2588\u2588\u258e      | 595M/1.79G [02:36<04:53, 4.41MB/s]
 33%|\u2588\u2588\u2588\u258e      | 595M/1.79G [02:36<04:46, 4.51MB/s]
 33%|\u2588\u2588\u2588\u258e      | 596M/1.79G [02:37<04:42, 4.57MB/s]
 33%|\u2588\u2588\u2588\u258e      | 596M/1.79G [02:37<04:41, 4.60MB/s]
 33%|\u2588\u2588\u2588\u258e      | 596M/1.79G [02:37<05:00, 4.30MB/s]
 33%|\u2588\u2588\u2588\u258e      | 597M/1.79G [02:37<05:01, 4.28MB/s]
 33%|\u2588\u2588\u2588\u258e      | 597M/1.79G [02:37<04:53, 4.40MB/s]
 33%|\u2588\u2588\u2588\u258e      | 598M/1.79G [02:37<04:48, 4.48MB/s]
 33%|\u2588\u2588\u2588\u258e      | 598M/1.79G [02:37<04:43, 4.55MB/s]
 33%|\u2588\u2588\u2588\u258e      | 599M/1.79G [02:37<05:00, 4.29MB/s]
 33%|\u2588\u2588\u2588\u258e      | 599M/1.79G [02:37<04:53, 4.40MB/s]
 33%|\u2588\u2588\u2588\u258e      | 600M/1.79G [02:37<04:51, 4.42MB/s]
 33%|\u2588\u2588\u2588\u258e      | 600M/1.79G [02:38<04:50, 4.44MB/s]
 33%|\u2588\u2588\u2588\u258e      | 600M/1.79G [02:38<04:51, 4.43MB/s]
 33%|\u2588\u2588\u2588\u258e      | 601M/1.79G [02:38<04:49, 4.44MB/s]
 33%|\u2588\u2588\u2588\u258e      | 601M/1.79G [02:38<05:01, 4.27MB/s]
 33%|\u2588\u2588\u2588\u258e      | 602M/1.79G [02:38<05:07, 4.18MB/s]
 33%|\u2588\u2588\u2588\u258e      | 602M/1.79G [02:38<04:59, 4.29MB/s]
 33%|\u2588\u2588\u2588\u258e      | 603M/1.79G [02:38<05:04, 4.22MB/s]
 33%|\u2588\u2588\u2588\u258e      | 603M/1.79G [02:38<04:56, 4.34MB/s]
 33%|\u2588\u2588\u2588\u258e      | 603M/1.79G [02:38<05:00, 4.28MB/s]
 33%|\u2588\u2588\u2588\u258e      | 604M/1.79G [02:39<04:54, 4.37MB/s]
 33%|\u2588\u2588\u2588\u258e      | 604M/1.79G [02:39<04:51, 4.41MB/s]
 33%|\u2588\u2588\u2588\u258e      | 605M/1.79G [02:39<04:48, 4.45MB/s]
 33%|\u2588\u2588\u2588\u258e      | 605M/1.79G [02:39<04:42, 4.54MB/s]
 33%|\u2588\u2588\u2588\u258e      | 606M/1.79G [02:39<05:02, 4.24MB/s]
 33%|\u2588\u2588\u2588\u258e      | 606M/1.79G [02:39<04:51, 4.39MB/s]
 33%|\u2588\u2588\u2588\u258e      | 607M/1.79G [02:39<04:51, 4.40MB/s]
 33%|\u2588\u2588\u2588\u258e      | 607M/1.79G [02:39<04:54, 4.35MB/s]
 33%|\u2588\u2588\u2588\u258e      | 607M/1.79G [02:39<05:13, 4.09MB/s]
 33%|\u2588\u2588\u2588\u258e      | 608M/1.79G [02:40<05:16, 4.05MB/s]
 33%|\u2588\u2588\u2588\u258e      | 608M/1.79G [02:40<05:30, 3.87MB/s]
 33%|\u2588\u2588\u2588\u258e      | 609M/1.79G [02:40<05:15, 4.06MB/s]
 33%|\u2588\u2588\u2588\u258e      | 609M/1.79G [02:40<05:03, 4.22MB/s]
 33%|\u2588\u2588\u2588\u258e      | 610M/1.79G [02:40<04:55, 4.33MB/s]
 33%|\u2588\u2588\u2588\u258e      | 610M/1.79G [02:40<04:53, 4.35MB/s]
 33%|\u2588\u2588\u2588\u258e      | 610M/1.79G [02:40<04:56, 4.31MB/s]
 33%|\u2588\u2588\u2588\u258e      | 611M/1.79G [02:40<04:50, 4.39MB/s]
 33%|\u2588\u2588\u2588\u258e      | 611M/1.79G [02:40<04:50, 4.39MB/s]
 33%|\u2588\u2588\u2588\u258e      | 612M/1.79G [02:40<04:45, 4.47MB/s]
 33%|\u2588\u2588\u2588\u258e      | 612M/1.79G [02:41<04:39, 4.57MB/s]
 34%|\u2588\u2588\u2588\u258e      | 613M/1.79G [02:41<04:41, 4.53MB/s]
 34%|\u2588\u2588\u2588\u258e      | 613M/1.79G [02:41<04:47, 4.43MB/s]
 34%|\u2588\u2588\u2588\u258e      | 614M/1.79G [02:41<04:43, 4.49MB/s]
 34%|\u2588\u2588\u2588\u258e      | 614M/1.79G [02:41<04:43, 4.49MB/s]
 34%|\u2588\u2588\u2588\u258e      | 615M/1.79G [02:41<04:40, 4.54MB/s]
 34%|\u2588\u2588\u2588\u258e      | 615M/1.79G [02:41<04:36, 4.60MB/s]
 34%|\u2588\u2588\u2588\u258e      | 615M/1.79G [02:41<04:37, 4.58MB/s]
 34%|\u2588\u2588\u2588\u258e      | 616M/1.79G [02:41<04:39, 4.56MB/s]
 34%|\u2588\u2588\u2588\u258e      | 616M/1.79G [02:42<04:37, 4.58MB/s]
 34%|\u2588\u2588\u2588\u258e      | 617M/1.79G [02:42<04:37, 4.58MB/s]
 34%|\u2588\u2588\u2588\u258e      | 617M/1.79G [02:42<04:36, 4.59MB/s]
 34%|\u2588\u2588\u2588\u258d      | 618M/1.79G [02:42<04:36, 4.60MB/s]
 34%|\u2588\u2588\u2588\u258d      | 618M/1.79G [02:42<04:33, 4.64MB/s]
 34%|\u2588\u2588\u2588\u258d      | 619M/1.79G [02:42<04:34, 4.63MB/s]
 34%|\u2588\u2588\u2588\u258d      | 619M/1.79G [02:42<04:33, 4.64MB/s]
 34%|\u2588\u2588\u2588\u258d      | 619M/1.79G [02:42<04:34, 4.62MB/s]
 34%|\u2588\u2588\u2588\u258d      | 620M/1.79G [02:42<04:34, 4.61MB/s]
 34%|\u2588\u2588\u2588\u258d      | 620M/1.79G [02:42<04:31, 4.67MB/s]
 34%|\u2588\u2588\u2588\u258d      | 621M/1.79G [02:43<04:34, 4.62MB/s]
 34%|\u2588\u2588\u2588\u258d      | 621M/1.79G [02:43<04:34, 4.61MB/s]
 34%|\u2588\u2588\u2588\u258d      | 622M/1.79G [02:43<04:32, 4.65MB/s]
 34%|\u2588\u2588\u2588\u258d      | 622M/1.79G [02:43<04:39, 4.53MB/s]
 34%|\u2588\u2588\u2588\u258d      | 623M/1.79G [02:43<04:52, 4.32MB/s]
 34%|\u2588\u2588\u2588\u258d      | 623M/1.79G [02:43<05:09, 4.08MB/s]
 34%|\u2588\u2588\u2588\u258d      | 623M/1.79G [02:43<05:25, 3.88MB/s]
 34%|\u2588\u2588\u2588\u258d      | 624M/1.79G [02:43<05:11, 4.06MB/s]
 34%|\u2588\u2588\u2588\u258d      | 624M/1.79G [02:43<05:21, 3.92MB/s]
 34%|\u2588\u2588\u2588\u258d      | 625M/1.79G [02:44<05:03, 4.15MB/s]
 34%|\u2588\u2588\u2588\u258d      | 625M/1.79G [02:44<05:06, 4.12MB/s]
 34%|\u2588\u2588\u2588\u258d      | 626M/1.79G [02:44<04:59, 4.21MB/s]
 34%|\u2588\u2588\u2588\u258d      | 626M/1.79G [02:44<04:50, 4.34MB/s]
 34%|\u2588\u2588\u2588\u258d      | 627M/1.79G [02:44<04:49, 4.35MB/s]
 34%|\u2588\u2588\u2588\u258d      | 627M/1.79G [02:44<04:45, 4.41MB/s]
 34%|\u2588\u2588\u2588\u258d      | 627M/1.79G [02:44<04:49, 4.35MB/s]
 34%|\u2588\u2588\u2588\u258d      | 628M/1.79G [02:44<04:42, 4.46MB/s]
 34%|\u2588\u2588\u2588\u258d      | 628M/1.79G [02:44<04:42, 4.46MB/s]
 34%|\u2588\u2588\u2588\u258d      | 629M/1.79G [02:44<04:45, 4.41MB/s]
 34%|\u2588\u2588\u2588\u258d      | 629M/1.79G [02:45<04:48, 4.36MB/s]
 34%|\u2588\u2588\u2588\u258d      | 630M/1.79G [02:45<05:12, 4.02MB/s]
 34%|\u2588\u2588\u2588\u258d      | 630M/1.79G [02:45<05:10, 4.04MB/s]
 34%|\u2588\u2588\u2588\u258d      | 630M/1.79G [02:45<05:05, 4.12MB/s]
 34%|\u2588\u2588\u2588\u258d      | 631M/1.79G [02:45<04:57, 4.22MB/s]
 35%|\u2588\u2588\u2588\u258d      | 631M/1.79G [02:45<04:44, 4.41MB/s]
 35%|\u2588\u2588\u2588\u258d      | 632M/1.79G [02:45<04:38, 4.50MB/s]
 35%|\u2588\u2588\u2588\u258d      | 632M/1.79G [02:45<04:42, 4.44MB/s]
 35%|\u2588\u2588\u2588\u258d      | 633M/1.79G [02:45<04:43, 4.42MB/s]
 35%|\u2588\u2588\u2588\u258d      | 633M/1.79G [02:46<04:45, 4.40MB/s]
 35%|\u2588\u2588\u2588\u258d      | 634M/1.79G [02:46<04:42, 4.44MB/s]
 35%|\u2588\u2588\u2588\u258d      | 634M/1.79G [02:46<04:35, 4.55MB/s]
 35%|\u2588\u2588\u2588\u258d      | 634M/1.79G [02:46<04:34, 4.56MB/s]
 35%|\u2588\u2588\u2588\u258d      | 635M/1.79G [02:46<04:30, 4.63MB/s]
 35%|\u2588\u2588\u2588\u258d      | 635M/1.79G [02:46<04:28, 4.66MB/s]
 35%|\u2588\u2588\u2588\u258d      | 636M/1.79G [02:46<04:26, 4.70MB/s]
 35%|\u2588\u2588\u2588\u258d      | 636M/1.79G [02:46<04:25, 4.71MB/s]
 35%|\u2588\u2588\u2588\u258d      | 637M/1.79G [02:46<04:26, 4.68MB/s]
 35%|\u2588\u2588\u2588\u258d      | 637M/1.79G [02:46<04:26, 4.69MB/s]
 35%|\u2588\u2588\u2588\u258d      | 638M/1.79G [02:47<04:33, 4.57MB/s]
 35%|\u2588\u2588\u2588\u258d      | 638M/1.79G [02:47<04:39, 4.47MB/s]
 35%|\u2588\u2588\u2588\u258d      | 639M/1.79G [02:47<05:06, 4.07MB/s]
 35%|\u2588\u2588\u2588\u258d      | 639M/1.79G [02:47<04:59, 4.17MB/s]
 35%|\u2588\u2588\u2588\u258d      | 639M/1.79G [02:47<04:53, 4.25MB/s]
 35%|\u2588\u2588\u2588\u258d      | 640M/1.79G [02:47<04:42, 4.42MB/s]
 35%|\u2588\u2588\u2588\u258c      | 640M/1.79G [02:47<04:38, 4.48MB/s]
 35%|\u2588\u2588\u2588\u258c      | 641M/1.79G [02:47<04:34, 4.54MB/s]
 35%|\u2588\u2588\u2588\u258c      | 641M/1.79G [02:47<04:30, 4.60MB/s]
 35%|\u2588\u2588\u2588\u258c      | 642M/1.79G [02:48<04:27, 4.65MB/s]
 35%|\u2588\u2588\u2588\u258c      | 642M/1.79G [02:48<04:27, 4.64MB/s]
 35%|\u2588\u2588\u2588\u258c      | 643M/1.79G [02:48<05:37, 3.68MB/s]
 35%|\u2588\u2588\u2588\u258c      | 643M/1.79G [02:48<05:22, 3.85MB/s]
 35%|\u2588\u2588\u2588\u258c      | 643M/1.79G [02:48<05:36, 3.70MB/s]
 35%|\u2588\u2588\u2588\u258c      | 644M/1.79G [02:48<05:13, 3.96MB/s]
 35%|\u2588\u2588\u2588\u258c      | 644M/1.79G [02:48<05:03, 4.10MB/s]
 35%|\u2588\u2588\u2588\u258c      | 645M/1.79G [02:48<04:51, 4.26MB/s]
 35%|\u2588\u2588\u2588\u258c      | 645M/1.79G [02:48<04:43, 4.38MB/s]
 35%|\u2588\u2588\u2588\u258c      | 646M/1.79G [02:49<04:56, 4.19MB/s]
 35%|\u2588\u2588\u2588\u258c      | 646M/1.79G [02:49<05:05, 4.06MB/s]
 35%|\u2588\u2588\u2588\u258c      | 647M/1.79G [02:49<05:00, 4.13MB/s]
 35%|\u2588\u2588\u2588\u258c      | 647M/1.79G [02:49<05:32, 3.73MB/s]
 35%|\u2588\u2588\u2588\u258c      | 647M/1.79G [02:49<05:30, 3.75MB/s]
 35%|\u2588\u2588\u2588\u258c      | 648M/1.79G [02:49<05:19, 3.88MB/s]
 35%|\u2588\u2588\u2588\u258c      | 648M/1.79G [02:49<05:02, 4.09MB/s]
 35%|\u2588\u2588\u2588\u258c      | 649M/1.79G [02:49<04:49, 4.28MB/s]
 35%|\u2588\u2588\u2588\u258c      | 649M/1.79G [02:49<04:40, 4.41MB/s]
 36%|\u2588\u2588\u2588\u258c      | 650M/1.79G [02:50<04:36, 4.47MB/s]
 36%|\u2588\u2588\u2588\u258c      | 650M/1.79G [02:50<04:31, 4.55MB/s]
 36%|\u2588\u2588\u2588\u258c      | 650M/1.79G [02:50<04:31, 4.55MB/s]
 36%|\u2588\u2588\u2588\u258c      | 651M/1.79G [02:50<04:38, 4.43MB/s]
 36%|\u2588\u2588\u2588\u258c      | 651M/1.79G [02:50<04:40, 4.40MB/s]
 36%|\u2588\u2588\u2588\u258c      | 652M/1.79G [02:50<04:35, 4.49MB/s]
 36%|\u2588\u2588\u2588\u258c      | 652M/1.79G [02:50<04:38, 4.43MB/s]
 36%|\u2588\u2588\u2588\u258c      | 653M/1.79G [02:50<04:31, 4.54MB/s]
 36%|\u2588\u2588\u2588\u258c      | 653M/1.79G [02:50<04:28, 4.59MB/s]
 36%|\u2588\u2588\u2588\u258c      | 654M/1.79G [02:50<04:24, 4.65MB/s]
 36%|\u2588\u2588\u2588\u258c      | 654M/1.79G [02:51<04:32, 4.52MB/s]
 36%|\u2588\u2588\u2588\u258c      | 655M/1.79G [02:51<04:31, 4.54MB/s]
 36%|\u2588\u2588\u2588\u258c      | 655M/1.79G [02:51<04:28, 4.59MB/s]
 36%|\u2588\u2588\u2588\u258c      | 655M/1.79G [02:51<04:27, 4.60MB/s]
 36%|\u2588\u2588\u2588\u258c      | 656M/1.79G [02:51<04:23, 4.66MB/s]
 36%|\u2588\u2588\u2588\u258c      | 656M/1.79G [02:51<04:20, 4.71MB/s]
 36%|\u2588\u2588\u2588\u258c      | 657M/1.79G [02:51<04:26, 4.62MB/s]
 36%|\u2588\u2588\u2588\u258c      | 657M/1.79G [02:51<04:25, 4.63MB/s]
 36%|\u2588\u2588\u2588\u258c      | 658M/1.79G [02:51<04:28, 4.58MB/s]
 36%|\u2588\u2588\u2588\u258c      | 658M/1.79G [02:52<04:24, 4.64MB/s]
 36%|\u2588\u2588\u2588\u258c      | 659M/1.79G [02:52<04:51, 4.21MB/s]
 36%|\u2588\u2588\u2588\u258c      | 659M/1.79G [02:52<04:45, 4.29MB/s]
 36%|\u2588\u2588\u2588\u258c      | 660M/1.79G [02:52<04:36, 4.43MB/s]
 36%|\u2588\u2588\u2588\u258c      | 660M/1.79G [02:52<04:31, 4.52MB/s]
 36%|\u2588\u2588\u2588\u258c      | 660M/1.79G [02:52<04:29, 4.55MB/s]
 36%|\u2588\u2588\u2588\u258c      | 661M/1.79G [02:52<04:25, 4.61MB/s]
 36%|\u2588\u2588\u2588\u258c      | 661M/1.79G [02:52<04:24, 4.62MB/s]
 36%|\u2588\u2588\u2588\u258c      | 662M/1.79G [02:52<04:29, 4.54MB/s]
 36%|\u2588\u2588\u2588\u258c      | 662M/1.79G [02:53<04:42, 4.33MB/s]
 36%|\u2588\u2588\u2588\u258c      | 663M/1.79G [02:53<04:53, 4.17MB/s]
 36%|\u2588\u2588\u2588\u258b      | 663M/1.79G [02:53<06:07, 3.33MB/s]
 36%|\u2588\u2588\u2588\u258b      | 664M/1.79G [02:53<05:52, 3.46MB/s]
 36%|\u2588\u2588\u2588\u258b      | 664M/1.79G [02:53<05:46, 3.52MB/s]
 36%|\u2588\u2588\u2588\u258b      | 664M/1.79G [02:53<05:30, 3.70MB/s]
 36%|\u2588\u2588\u2588\u258b      | 665M/1.79G [02:53<05:26, 3.74MB/s]
 36%|\u2588\u2588\u2588\u258b      | 665M/1.79G [02:53<05:16, 3.86MB/s]
 36%|\u2588\u2588\u2588\u258b      | 665M/1.79G [02:53<05:06, 3.98MB/s]
 36%|\u2588\u2588\u2588\u258b      | 666M/1.79G [02:54<04:56, 4.12MB/s]
 36%|\u2588\u2588\u2588\u258b      | 666M/1.79G [02:54<04:46, 4.25MB/s]
 36%|\u2588\u2588\u2588\u258b      | 667M/1.79G [02:54<04:42, 4.31MB/s]
 36%|\u2588\u2588\u2588\u258b      | 667M/1.79G [02:54<04:38, 4.37MB/s]
 37%|\u2588\u2588\u2588\u258b      | 668M/1.79G [02:54<04:32, 4.47MB/s]
 37%|\u2588\u2588\u2588\u258b      | 668M/1.79G [02:54<04:29, 4.52MB/s]
 37%|\u2588\u2588\u2588\u258b      | 669M/1.79G [02:54<04:30, 4.49MB/s]
 37%|\u2588\u2588\u2588\u258b      | 669M/1.79G [02:54<04:32, 4.46MB/s]
 37%|\u2588\u2588\u2588\u258b      | 669M/1.79G [02:54<04:33, 4.44MB/s]
 37%|\u2588\u2588\u2588\u258b      | 670M/1.79G [02:54<04:49, 4.20MB/s]
 37%|\u2588\u2588\u2588\u258b      | 670M/1.79G [02:55<04:41, 4.32MB/s]
 37%|\u2588\u2588\u2588\u258b      | 671M/1.79G [02:55<04:36, 4.39MB/s]
 37%|\u2588\u2588\u2588\u258b      | 671M/1.79G [02:55<04:39, 4.34MB/s]
 37%|\u2588\u2588\u2588\u258b      | 672M/1.79G [02:55<04:35, 4.40MB/s]
 37%|\u2588\u2588\u2588\u258b      | 672M/1.79G [02:55<04:35, 4.40MB/s]
 37%|\u2588\u2588\u2588\u258b      | 673M/1.79G [02:55<04:29, 4.50MB/s]
 37%|\u2588\u2588\u2588\u258b      | 673M/1.79G [02:55<04:29, 4.50MB/s]
 37%|\u2588\u2588\u2588\u258b      | 673M/1.79G [02:55<04:27, 4.53MB/s]
 37%|\u2588\u2588\u2588\u258b      | 674M/1.79G [02:55<04:23, 4.59MB/s]
 37%|\u2588\u2588\u2588\u258b      | 674M/1.79G [02:56<04:21, 4.63MB/s]
 37%|\u2588\u2588\u2588\u258b      | 675M/1.79G [02:56<04:19, 4.66MB/s]
 37%|\u2588\u2588\u2588\u258b      | 675M/1.79G [02:56<04:20, 4.64MB/s]
 37%|\u2588\u2588\u2588\u258b      | 676M/1.79G [02:56<04:24, 4.58MB/s]
 37%|\u2588\u2588\u2588\u258b      | 676M/1.79G [02:56<04:23, 4.59MB/s]
 37%|\u2588\u2588\u2588\u258b      | 677M/1.79G [02:56<04:35, 4.38MB/s]
 37%|\u2588\u2588\u2588\u258b      | 677M/1.79G [02:56<04:36, 4.37MB/s]
 37%|\u2588\u2588\u2588\u258b      | 678M/1.79G [02:56<04:30, 4.47MB/s]
 37%|\u2588\u2588\u2588\u258b      | 678M/1.79G [02:56<04:37, 4.35MB/s]
 37%|\u2588\u2588\u2588\u258b      | 678M/1.79G [02:56<04:32, 4.43MB/s]
 37%|\u2588\u2588\u2588\u258b      | 679M/1.79G [02:57<04:28, 4.50MB/s]
 37%|\u2588\u2588\u2588\u258b      | 679M/1.79G [02:57<04:23, 4.58MB/s]
 37%|\u2588\u2588\u2588\u258b      | 680M/1.79G [02:57<04:23, 4.58MB/s]
 37%|\u2588\u2588\u2588\u258b      | 680M/1.79G [02:57<04:21, 4.60MB/s]
 37%|\u2588\u2588\u2588\u258b      | 681M/1.79G [02:57<04:37, 4.34MB/s]
 37%|\u2588\u2588\u2588\u258b      | 681M/1.79G [02:57<04:36, 4.36MB/s]
 37%|\u2588\u2588\u2588\u258b      | 682M/1.79G [02:57<04:37, 4.33MB/s]
 37%|\u2588\u2588\u2588\u258b      | 682M/1.79G [02:57<04:32, 4.42MB/s]
 37%|\u2588\u2588\u2588\u258b      | 682M/1.79G [02:57<04:25, 4.53MB/s]
 37%|\u2588\u2588\u2588\u258b      | 683M/1.79G [02:58<04:23, 4.57MB/s]
 37%|\u2588\u2588\u2588\u258b      | 683M/1.79G [02:58<04:28, 4.47MB/s]
 37%|\u2588\u2588\u2588\u258b      | 684M/1.79G [02:58<04:31, 4.43MB/s]
 37%|\u2588\u2588\u2588\u258b      | 684M/1.79G [02:58<04:27, 4.49MB/s]
 37%|\u2588\u2588\u2588\u258b      | 685M/1.79G [02:58<04:47, 4.17MB/s]
 37%|\u2588\u2588\u2588\u258b      | 685M/1.79G [02:58<04:40, 4.27MB/s]
 37%|\u2588\u2588\u2588\u258b      | 686M/1.79G [02:58<04:45, 4.19MB/s]
 38%|\u2588\u2588\u2588\u258a      | 686M/1.79G [02:58<04:43, 4.23MB/s]
 38%|\u2588\u2588\u2588\u258a      | 686M/1.79G [02:58<04:44, 4.21MB/s]
 38%|\u2588\u2588\u2588\u258a      | 687M/1.79G [02:58<04:38, 4.30MB/s]
 38%|\u2588\u2588\u2588\u258a      | 687M/1.79G [02:59<04:35, 4.34MB/s]
 38%|\u2588\u2588\u2588\u258a      | 688M/1.79G [02:59<04:36, 4.33MB/s]
 38%|\u2588\u2588\u2588\u258a      | 688M/1.79G [02:59<04:36, 4.32MB/s]
 38%|\u2588\u2588\u2588\u258a      | 689M/1.79G [02:59<04:41, 4.25MB/s]
 38%|\u2588\u2588\u2588\u258a      | 689M/1.79G [02:59<04:33, 4.38MB/s]
 38%|\u2588\u2588\u2588\u258a      | 689M/1.79G [02:59<04:43, 4.22MB/s]
 38%|\u2588\u2588\u2588\u258a      | 690M/1.79G [02:59<04:40, 4.25MB/s]
 38%|\u2588\u2588\u2588\u258a      | 690M/1.79G [02:59<04:35, 4.34MB/s]
 38%|\u2588\u2588\u2588\u258a      | 691M/1.79G [02:59<04:28, 4.45MB/s]
 38%|\u2588\u2588\u2588\u258a      | 691M/1.79G [03:00<04:29, 4.43MB/s]
 38%|\u2588\u2588\u2588\u258a      | 692M/1.79G [03:00<04:26, 4.47MB/s]
 38%|\u2588\u2588\u2588\u258a      | 692M/1.79G [03:00<04:22, 4.54MB/s]
 38%|\u2588\u2588\u2588\u258a      | 693M/1.79G [03:00<04:19, 4.59MB/s]
 38%|\u2588\u2588\u2588\u258a      | 693M/1.79G [03:00<04:19, 4.58MB/s]
 38%|\u2588\u2588\u2588\u258a      | 693M/1.79G [03:00<04:22, 4.54MB/s]
 38%|\u2588\u2588\u2588\u258a      | 694M/1.79G [03:00<04:23, 4.52MB/s]
 38%|\u2588\u2588\u2588\u258a      | 694M/1.79G [03:00<04:24, 4.50MB/s]
 38%|\u2588\u2588\u2588\u258a      | 695M/1.79G [03:00<04:22, 4.53MB/s]
 38%|\u2588\u2588\u2588\u258a      | 695M/1.79G [03:00<04:20, 4.56MB/s]
 38%|\u2588\u2588\u2588\u258a      | 696M/1.79G [03:01<04:15, 4.66MB/s]
 38%|\u2588\u2588\u2588\u258a      | 696M/1.79G [03:01<04:13, 4.68MB/s]
 38%|\u2588\u2588\u2588\u258a      | 697M/1.79G [03:01<04:17, 4.61MB/s]
 38%|\u2588\u2588\u2588\u258a      | 697M/1.79G [03:01<04:17, 4.61MB/s]
 38%|\u2588\u2588\u2588\u258a      | 698M/1.79G [03:01<04:15, 4.65MB/s]
 38%|\u2588\u2588\u2588\u258a      | 698M/1.79G [03:01<04:15, 4.64MB/s]
 38%|\u2588\u2588\u2588\u258a      | 698M/1.79G [03:01<04:21, 4.53MB/s]
 38%|\u2588\u2588\u2588\u258a      | 699M/1.79G [03:01<04:20, 4.56MB/s]
 38%|\u2588\u2588\u2588\u258a      | 699M/1.79G [03:01<04:20, 4.55MB/s]
 38%|\u2588\u2588\u2588\u258a      | 700M/1.79G [03:02<04:17, 4.60MB/s]
 38%|\u2588\u2588\u2588\u258a      | 700M/1.79G [03:02<04:15, 4.62MB/s]
 38%|\u2588\u2588\u2588\u258a      | 701M/1.79G [03:02<04:16, 4.61MB/s]
 38%|\u2588\u2588\u2588\u258a      | 701M/1.79G [03:02<04:18, 4.58MB/s]
 38%|\u2588\u2588\u2588\u258a      | 702M/1.79G [03:02<04:15, 4.62MB/s]
 38%|\u2588\u2588\u2588\u258a      | 702M/1.79G [03:02<04:19, 4.56MB/s]
 38%|\u2588\u2588\u2588\u258a      | 703M/1.79G [03:02<04:17, 4.59MB/s]
 38%|\u2588\u2588\u2588\u258a      | 703M/1.79G [03:02<04:14, 4.64MB/s]
 38%|\u2588\u2588\u2588\u258a      | 704M/1.79G [03:02<04:12, 4.68MB/s]
 38%|\u2588\u2588\u2588\u258a      | 704M/1.79G [03:02<04:28, 4.39MB/s]
 39%|\u2588\u2588\u2588\u258a      | 704M/1.79G [03:03<04:42, 4.17MB/s]
 39%|\u2588\u2588\u2588\u258a      | 705M/1.79G [03:03<04:32, 4.32MB/s]
 39%|\u2588\u2588\u2588\u258a      | 705M/1.79G [03:03<04:50, 4.06MB/s]
 39%|\u2588\u2588\u2588\u258a      | 706M/1.79G [03:03<04:38, 4.24MB/s]
 39%|\u2588\u2588\u2588\u258a      | 706M/1.79G [03:03<04:36, 4.26MB/s]
 39%|\u2588\u2588\u2588\u258a      | 707M/1.79G [03:03<04:43, 4.15MB/s]
 39%|\u2588\u2588\u2588\u258a      | 707M/1.79G [03:03<04:55, 3.98MB/s]
 39%|\u2588\u2588\u2588\u258a      | 707M/1.79G [03:03<04:44, 4.14MB/s]
 39%|\u2588\u2588\u2588\u258a      | 708M/1.79G [03:03<04:42, 4.16MB/s]
 39%|\u2588\u2588\u2588\u258a      | 708M/1.79G [03:04<04:47, 4.08MB/s]
 39%|\u2588\u2588\u2588\u258a      | 709M/1.79G [03:04<04:38, 4.21MB/s]
 39%|\u2588\u2588\u2588\u2589      | 709M/1.79G [03:04<04:39, 4.21MB/s]
 39%|\u2588\u2588\u2588\u2589      | 710M/1.79G [03:04<04:28, 4.36MB/s]
 39%|\u2588\u2588\u2588\u2589      | 710M/1.79G [03:04<04:29, 4.35MB/s]
 39%|\u2588\u2588\u2588\u2589      | 710M/1.79G [03:04<04:22, 4.47MB/s]
 39%|\u2588\u2588\u2588\u2589      | 711M/1.79G [03:04<04:16, 4.57MB/s]
 39%|\u2588\u2588\u2588\u2589      | 711M/1.79G [03:04<04:16, 4.56MB/s]
 39%|\u2588\u2588\u2588\u2589      | 712M/1.79G [03:04<04:17, 4.55MB/s]
 39%|\u2588\u2588\u2588\u2589      | 712M/1.79G [03:04<04:19, 4.51MB/s]
 39%|\u2588\u2588\u2588\u2589      | 713M/1.79G [03:05<04:38, 4.20MB/s]
 39%|\u2588\u2588\u2588\u2589      | 713M/1.79G [03:05<04:37, 4.21MB/s]
 39%|\u2588\u2588\u2588\u2589      | 714M/1.79G [03:05<04:34, 4.26MB/s]
 39%|\u2588\u2588\u2588\u2589      | 714M/1.79G [03:05<04:26, 4.38MB/s]
 39%|\u2588\u2588\u2588\u2589      | 714M/1.79G [03:05<04:23, 4.44MB/s]
 39%|\u2588\u2588\u2588\u2589      | 715M/1.79G [03:05<04:19, 4.50MB/s]
 39%|\u2588\u2588\u2588\u2589      | 715M/1.79G [03:05<04:15, 4.57MB/s]
 39%|\u2588\u2588\u2588\u2589      | 716M/1.79G [03:05<04:13, 4.60MB/s]
 39%|\u2588\u2588\u2588\u2589      | 716M/1.79G [03:05<04:23, 4.44MB/s]
 39%|\u2588\u2588\u2588\u2589      | 717M/1.79G [03:06<04:27, 4.37MB/s]
 39%|\u2588\u2588\u2588\u2589      | 717M/1.79G [03:06<04:27, 4.36MB/s]
 39%|\u2588\u2588\u2588\u2589      | 718M/1.79G [03:06<04:23, 4.42MB/s]
 39%|\u2588\u2588\u2588\u2589      | 718M/1.79G [03:06<04:17, 4.53MB/s]
 39%|\u2588\u2588\u2588\u2589      | 718M/1.79G [03:06<04:15, 4.56MB/s]
 39%|\u2588\u2588\u2588\u2589      | 719M/1.79G [03:06<04:12, 4.60MB/s]
 39%|\u2588\u2588\u2588\u2589      | 719M/1.79G [03:06<04:12, 4.61MB/s]
 39%|\u2588\u2588\u2588\u2589      | 720M/1.79G [03:06<04:14, 4.56MB/s]
 39%|\u2588\u2588\u2588\u2589      | 720M/1.79G [03:06<04:13, 4.59MB/s]
 39%|\u2588\u2588\u2588\u2589      | 721M/1.79G [03:06<04:11, 4.63MB/s]
 39%|\u2588\u2588\u2588\u2589      | 721M/1.79G [03:07<04:10, 4.64MB/s]
 39%|\u2588\u2588\u2588\u2589      | 722M/1.79G [03:07<04:14, 4.57MB/s]
 39%|\u2588\u2588\u2588\u2589      | 722M/1.79G [03:07<04:18, 4.49MB/s]
 40%|\u2588\u2588\u2588\u2589      | 723M/1.79G [03:07<04:16, 4.52MB/s]
 40%|\u2588\u2588\u2588\u2589      | 723M/1.79G [03:07<04:15, 4.54MB/s]
 40%|\u2588\u2588\u2588\u2589      | 723M/1.79G [03:07<04:10, 4.62MB/s]
 40%|\u2588\u2588\u2588\u2589      | 724M/1.79G [03:07<04:09, 4.65MB/s]
 40%|\u2588\u2588\u2588\u2589      | 724M/1.79G [03:07<04:09, 4.64MB/s]
 40%|\u2588\u2588\u2588\u2589      | 725M/1.79G [03:07<04:32, 4.24MB/s]
 40%|\u2588\u2588\u2588\u2589      | 725M/1.79G [03:08<04:25, 4.36MB/s]
 40%|\u2588\u2588\u2588\u2589      | 726M/1.79G [03:08<04:23, 4.39MB/s]
 40%|\u2588\u2588\u2588\u2589      | 726M/1.79G [03:08<04:37, 4.17MB/s]
 40%|\u2588\u2588\u2588\u2589      | 727M/1.79G [03:08<04:35, 4.19MB/s]
 40%|\u2588\u2588\u2588\u2589      | 727M/1.79G [03:08<04:40, 4.12MB/s]
 40%|\u2588\u2588\u2588\u2589      | 727M/1.79G [03:08<04:36, 4.18MB/s]
 40%|\u2588\u2588\u2588\u2589      | 728M/1.79G [03:08<04:41, 4.11MB/s]
 40%|\u2588\u2588\u2588\u2589      | 728M/1.79G [03:08<04:39, 4.13MB/s]
 40%|\u2588\u2588\u2588\u2589      | 729M/1.79G [03:08<04:57, 3.87MB/s]
 40%|\u2588\u2588\u2588\u2589      | 729M/1.79G [03:09<04:41, 4.09MB/s]
 40%|\u2588\u2588\u2588\u2589      | 730M/1.79G [03:09<04:32, 4.23MB/s]
 40%|\u2588\u2588\u2588\u2589      | 730M/1.79G [03:09<04:39, 4.12MB/s]
 40%|\u2588\u2588\u2588\u2589      | 730M/1.79G [03:09<04:31, 4.25MB/s]
 40%|\u2588\u2588\u2588\u2589      | 731M/1.79G [03:09<05:02, 3.80MB/s]
 40%|\u2588\u2588\u2588\u2589      | 731M/1.79G [03:09<04:49, 3.98MB/s]
 40%|\u2588\u2588\u2588\u2588      | 732M/1.79G [03:09<04:35, 4.17MB/s]
 40%|\u2588\u2588\u2588\u2588      | 732M/1.79G [03:09<04:47, 4.00MB/s]
 40%|\u2588\u2588\u2588\u2588      | 733M/1.79G [03:09<04:36, 4.16MB/s]
 40%|\u2588\u2588\u2588\u2588      | 733M/1.79G [03:10<04:27, 4.29MB/s]
 40%|\u2588\u2588\u2588\u2588      | 733M/1.79G [03:10<04:17, 4.46MB/s]
 40%|\u2588\u2588\u2588\u2588      | 734M/1.79G [03:10<04:13, 4.52MB/s]
 40%|\u2588\u2588\u2588\u2588      | 734M/1.79G [03:10<04:23, 4.36MB/s]
 40%|\u2588\u2588\u2588\u2588      | 735M/1.79G [03:10<04:20, 4.40MB/s]
 40%|\u2588\u2588\u2588\u2588      | 735M/1.79G [03:10<04:24, 4.33MB/s]
 40%|\u2588\u2588\u2588\u2588      | 736M/1.79G [03:10<04:23, 4.35MB/s]
 40%|\u2588\u2588\u2588\u2588      | 736M/1.79G [03:10<04:25, 4.32MB/s]
 40%|\u2588\u2588\u2588\u2588      | 736M/1.79G [03:10<04:19, 4.41MB/s]
 40%|\u2588\u2588\u2588\u2588      | 737M/1.79G [03:10<04:20, 4.40MB/s]
 40%|\u2588\u2588\u2588\u2588      | 737M/1.79G [03:11<04:24, 4.32MB/s]
 40%|\u2588\u2588\u2588\u2588      | 738M/1.79G [03:11<04:21, 4.38MB/s]
 40%|\u2588\u2588\u2588\u2588      | 738M/1.79G [03:11<04:26, 4.30MB/s]
 40%|\u2588\u2588\u2588\u2588      | 739M/1.79G [03:11<04:19, 4.41MB/s]
 40%|\u2588\u2588\u2588\u2588      | 739M/1.79G [03:11<04:18, 4.42MB/s]
 40%|\u2588\u2588\u2588\u2588      | 740M/1.79G [03:11<04:13, 4.50MB/s]
 40%|\u2588\u2588\u2588\u2588      | 740M/1.79G [03:11<04:10, 4.56MB/s]
 40%|\u2588\u2588\u2588\u2588      | 740M/1.79G [03:11<04:12, 4.51MB/s]
 41%|\u2588\u2588\u2588\u2588      | 741M/1.79G [03:11<04:12, 4.53MB/s]
 41%|\u2588\u2588\u2588\u2588      | 741M/1.79G [03:11<04:14, 4.49MB/s]
 41%|\u2588\u2588\u2588\u2588      | 742M/1.79G [03:12<04:15, 4.47MB/s]
 41%|\u2588\u2588\u2588\u2588      | 742M/1.79G [03:12<04:12, 4.52MB/s]
 41%|\u2588\u2588\u2588\u2588      | 743M/1.79G [03:12<04:08, 4.58MB/s]
 41%|\u2588\u2588\u2588\u2588      | 743M/1.79G [03:12<04:05, 4.63MB/s]
 41%|\u2588\u2588\u2588\u2588      | 744M/1.79G [03:12<04:04, 4.65MB/s]
 41%|\u2588\u2588\u2588\u2588      | 744M/1.79G [03:12<04:03, 4.67MB/s]
 41%|\u2588\u2588\u2588\u2588      | 745M/1.79G [03:12<04:01, 4.70MB/s]
 41%|\u2588\u2588\u2588\u2588      | 745M/1.79G [03:12<04:02, 4.69MB/s]
 41%|\u2588\u2588\u2588\u2588      | 745M/1.79G [03:12<04:06, 4.60MB/s]
 41%|\u2588\u2588\u2588\u2588      | 746M/1.79G [03:13<04:25, 4.28MB/s]
 41%|\u2588\u2588\u2588\u2588      | 746M/1.79G [03:13<04:18, 4.40MB/s]
 41%|\u2588\u2588\u2588\u2588      | 747M/1.79G [03:13<04:18, 4.39MB/s]
 41%|\u2588\u2588\u2588\u2588      | 747M/1.79G [03:13<04:14, 4.45MB/s]
 41%|\u2588\u2588\u2588\u2588      | 748M/1.79G [03:13<04:18, 4.38MB/s]
 41%|\u2588\u2588\u2588\u2588      | 748M/1.79G [03:13<04:12, 4.48MB/s]
 41%|\u2588\u2588\u2588\u2588      | 749M/1.79G [03:13<04:11, 4.50MB/s]
 41%|\u2588\u2588\u2588\u2588      | 749M/1.79G [03:13<04:11, 4.51MB/s]
 41%|\u2588\u2588\u2588\u2588      | 749M/1.79G [03:13<04:06, 4.60MB/s]
 41%|\u2588\u2588\u2588\u2588      | 750M/1.79G [03:13<04:07, 4.57MB/s]
 41%|\u2588\u2588\u2588\u2588      | 750M/1.79G [03:14<04:03, 4.65MB/s]
 41%|\u2588\u2588\u2588\u2588      | 751M/1.79G [03:14<04:12, 4.48MB/s]
 41%|\u2588\u2588\u2588\u2588      | 751M/1.79G [03:14<04:08, 4.55MB/s]
 41%|\u2588\u2588\u2588\u2588      | 752M/1.79G [03:14<04:23, 4.28MB/s]
 41%|\u2588\u2588\u2588\u2588      | 752M/1.79G [03:14<04:43, 3.99MB/s]
 41%|\u2588\u2588\u2588\u2588      | 753M/1.79G [03:14<04:34, 4.12MB/s]
 41%|\u2588\u2588\u2588\u2588      | 753M/1.79G [03:14<04:48, 3.91MB/s]
 41%|\u2588\u2588\u2588\u2588      | 753M/1.79G [03:14<04:37, 4.07MB/s]
 41%|\u2588\u2588\u2588\u2588      | 754M/1.79G [03:14<04:32, 4.14MB/s]
 41%|\u2588\u2588\u2588\u2588      | 754M/1.79G [03:15<04:18, 4.35MB/s]
 41%|\u2588\u2588\u2588\u2588\u258f     | 755M/1.79G [03:15<04:16, 4.39MB/s]
 41%|\u2588\u2588\u2588\u2588\u258f     | 755M/1.79G [03:15<04:24, 4.26MB/s]
 41%|\u2588\u2588\u2588\u2588\u258f     | 756M/1.79G [03:15<04:35, 4.09MB/s]
 41%|\u2588\u2588\u2588\u2588\u258f     | 756M/1.79G [03:15<04:37, 4.06MB/s]
 41%|\u2588\u2588\u2588\u2588\u258f     | 756M/1.79G [03:15<04:41, 3.99MB/s]
 41%|\u2588\u2588\u2588\u2588\u258f     | 757M/1.79G [03:15<04:39, 4.02MB/s]
 41%|\u2588\u2588\u2588\u2588\u258f     | 757M/1.79G [03:15<04:24, 4.24MB/s]
 41%|\u2588\u2588\u2588\u2588\u258f     | 758M/1.79G [03:15<04:17, 4.36MB/s]
 41%|\u2588\u2588\u2588\u2588\u258f     | 758M/1.79G [03:16<04:19, 4.32MB/s]
 41%|\u2588\u2588\u2588\u2588\u258f     | 759M/1.79G [03:16<04:12, 4.45MB/s]
 42%|\u2588\u2588\u2588\u2588\u258f     | 759M/1.79G [03:16<04:12, 4.45MB/s]
 42%|\u2588\u2588\u2588\u2588\u258f     | 760M/1.79G [03:16<04:19, 4.32MB/s]
 42%|\u2588\u2588\u2588\u2588\u258f     | 760M/1.79G [03:16<04:30, 4.14MB/s]
 42%|\u2588\u2588\u2588\u2588\u258f     | 760M/1.79G [03:16<04:29, 4.16MB/s]
 42%|\u2588\u2588\u2588\u2588\u258f     | 761M/1.79G [03:16<04:23, 4.25MB/s]
 42%|\u2588\u2588\u2588\u2588\u258f     | 761M/1.79G [03:16<04:18, 4.34MB/s]
 42%|\u2588\u2588\u2588\u2588\u258f     | 762M/1.79G [03:16<04:11, 4.44MB/s]
 42%|\u2588\u2588\u2588\u2588\u258f     | 762M/1.79G [03:16<04:06, 4.54MB/s]
 42%|\u2588\u2588\u2588\u2588\u258f     | 763M/1.79G [03:17<04:03, 4.58MB/s]
 42%|\u2588\u2588\u2588\u2588\u258f     | 763M/1.79G [03:17<03:59, 4.67MB/s]
 42%|\u2588\u2588\u2588\u2588\u258f     | 764M/1.79G [03:17<04:06, 4.54MB/s]
 42%|\u2588\u2588\u2588\u2588\u258f     | 764M/1.79G [03:17<04:06, 4.54MB/s]
 42%|\u2588\u2588\u2588\u2588\u258f     | 764M/1.79G [03:17<04:02, 4.60MB/s]
 42%|\u2588\u2588\u2588\u2588\u258f     | 765M/1.79G [03:17<04:15, 4.37MB/s]
 42%|\u2588\u2588\u2588\u2588\u258f     | 765M/1.79G [03:17<04:15, 4.37MB/s]
 42%|\u2588\u2588\u2588\u2588\u258f     | 766M/1.79G [03:17<04:12, 4.42MB/s]
 42%|\u2588\u2588\u2588\u2588\u258f     | 766M/1.79G [03:17<04:04, 4.55MB/s]
 42%|\u2588\u2588\u2588\u2588\u258f     | 767M/1.79G [03:18<04:03, 4.58MB/s]
 42%|\u2588\u2588\u2588\u2588\u258f     | 767M/1.79G [03:18<04:01, 4.62MB/s]
 42%|\u2588\u2588\u2588\u2588\u258f     | 768M/1.79G [03:18<03:59, 4.65MB/s]
 42%|\u2588\u2588\u2588\u2588\u258f     | 768M/1.79G [03:18<03:58, 4.67MB/s]
 42%|\u2588\u2588\u2588\u2588\u258f     | 769M/1.79G [03:18<03:56, 4.69MB/s]
 42%|\u2588\u2588\u2588\u2588\u258f     | 769M/1.79G [03:18<04:09, 4.46MB/s]
 42%|\u2588\u2588\u2588\u2588\u258f     | 769M/1.79G [03:18<04:10, 4.43MB/s]
 42%|\u2588\u2588\u2588\u2588\u258f     | 770M/1.79G [03:18<04:07, 4.49MB/s]
 42%|\u2588\u2588\u2588\u2588\u258f     | 770M/1.79G [03:18<04:05, 4.51MB/s]
 42%|\u2588\u2588\u2588\u2588\u258f     | 771M/1.79G [03:18<04:03, 4.55MB/s]
 42%|\u2588\u2588\u2588\u2588\u258f     | 771M/1.79G [03:19<04:01, 4.59MB/s]
 42%|\u2588\u2588\u2588\u2588\u258f     | 772M/1.79G [03:19<04:01, 4.60MB/s]
 42%|\u2588\u2588\u2588\u2588\u258f     | 772M/1.79G [03:19<03:57, 4.66MB/s]
 42%|\u2588\u2588\u2588\u2588\u258f     | 773M/1.79G [03:19<03:56, 4.68MB/s]
 42%|\u2588\u2588\u2588\u2588\u258f     | 773M/1.79G [03:19<03:56, 4.68MB/s]
 42%|\u2588\u2588\u2588\u2588\u258f     | 774M/1.79G [03:19<03:55, 4.69MB/s]
 42%|\u2588\u2588\u2588\u2588\u258f     | 774M/1.79G [03:19<03:55, 4.70MB/s]
 42%|\u2588\u2588\u2588\u2588\u258f     | 774M/1.79G [03:19<03:55, 4.70MB/s]
 42%|\u2588\u2588\u2588\u2588\u258f     | 775M/1.79G [03:19<03:54, 4.70MB/s]
 42%|\u2588\u2588\u2588\u2588\u258f     | 775M/1.79G [03:19<03:55, 4.68MB/s]
 42%|\u2588\u2588\u2588\u2588\u258f     | 776M/1.79G [03:20<04:07, 4.46MB/s]
 42%|\u2588\u2588\u2588\u2588\u258f     | 776M/1.79G [03:20<04:04, 4.51MB/s]
 42%|\u2588\u2588\u2588\u2588\u258f     | 777M/1.79G [03:20<04:02, 4.55MB/s]
 42%|\u2588\u2588\u2588\u2588\u258f     | 777M/1.79G [03:20<04:00, 4.59MB/s]
 43%|\u2588\u2588\u2588\u2588\u258e     | 778M/1.79G [03:20<04:00, 4.58MB/s]
 43%|\u2588\u2588\u2588\u2588\u258e     | 778M/1.79G [03:20<04:01, 4.56MB/s]
 43%|\u2588\u2588\u2588\u2588\u258e     | 778M/1.79G [03:20<04:21, 4.20MB/s]
 43%|\u2588\u2588\u2588\u2588\u258e     | 779M/1.79G [03:20<04:14, 4.33MB/s]
 43%|\u2588\u2588\u2588\u2588\u258e     | 779M/1.79G [03:20<04:06, 4.46MB/s]
 43%|\u2588\u2588\u2588\u2588\u258e     | 780M/1.79G [03:21<04:10, 4.40MB/s]
 43%|\u2588\u2588\u2588\u2588\u258e     | 780M/1.79G [03:21<04:11, 4.38MB/s]
 43%|\u2588\u2588\u2588\u2588\u258e     | 781M/1.79G [03:21<04:10, 4.38MB/s]
 43%|\u2588\u2588\u2588\u2588\u258e     | 781M/1.79G [03:21<04:11, 4.36MB/s]
 43%|\u2588\u2588\u2588\u2588\u258e     | 782M/1.79G [03:21<04:08, 4.41MB/s]
 43%|\u2588\u2588\u2588\u2588\u258e     | 782M/1.79G [03:21<04:08, 4.41MB/s]
 43%|\u2588\u2588\u2588\u2588\u258e     | 782M/1.79G [03:21<04:03, 4.51MB/s]
 43%|\u2588\u2588\u2588\u2588\u258e     | 783M/1.79G [03:21<03:58, 4.59MB/s]
 43%|\u2588\u2588\u2588\u2588\u258e     | 783M/1.79G [03:21<03:58, 4.61MB/s]
 43%|\u2588\u2588\u2588\u2588\u258e     | 784M/1.79G [03:21<03:58, 4.59MB/s]
 43%|\u2588\u2588\u2588\u2588\u258e     | 784M/1.79G [03:22<03:58, 4.60MB/s]
 43%|\u2588\u2588\u2588\u2588\u258e     | 785M/1.79G [03:22<03:59, 4.57MB/s]
 43%|\u2588\u2588\u2588\u2588\u258e     | 785M/1.79G [03:22<04:28, 4.07MB/s]
 43%|\u2588\u2588\u2588\u2588\u258e     | 786M/1.79G [03:22<04:24, 4.14MB/s]
 43%|\u2588\u2588\u2588\u2588\u258e     | 786M/1.79G [03:22<04:12, 4.33MB/s]
 43%|\u2588\u2588\u2588\u2588\u258e     | 787M/1.79G [03:22<04:05, 4.46MB/s]
 43%|\u2588\u2588\u2588\u2588\u258e     | 787M/1.79G [03:22<04:06, 4.43MB/s]
 43%|\u2588\u2588\u2588\u2588\u258e     | 787M/1.79G [03:22<04:01, 4.52MB/s]
 43%|\u2588\u2588\u2588\u2588\u258e     | 788M/1.79G [03:22<04:00, 4.53MB/s]
 43%|\u2588\u2588\u2588\u2588\u258e     | 788M/1.79G [03:23<04:00, 4.54MB/s]
 43%|\u2588\u2588\u2588\u2588\u258e     | 789M/1.79G [03:23<03:56, 4.62MB/s]
 43%|\u2588\u2588\u2588\u2588\u258e     | 789M/1.79G [03:23<04:01, 4.51MB/s]
 43%|\u2588\u2588\u2588\u2588\u258e     | 790M/1.79G [03:23<04:02, 4.50MB/s]
 43%|\u2588\u2588\u2588\u2588\u258e     | 790M/1.79G [03:23<04:22, 4.15MB/s]
 43%|\u2588\u2588\u2588\u2588\u258e     | 791M/1.79G [03:23<04:20, 4.18MB/s]
 43%|\u2588\u2588\u2588\u2588\u258e     | 791M/1.79G [03:23<04:14, 4.28MB/s]
 43%|\u2588\u2588\u2588\u2588\u258e     | 791M/1.79G [03:23<04:06, 4.42MB/s]
 43%|\u2588\u2588\u2588\u2588\u258e     | 792M/1.79G [03:23<04:02, 4.48MB/s]
 43%|\u2588\u2588\u2588\u2588\u258e     | 792M/1.79G [03:24<03:59, 4.53MB/s]
 43%|\u2588\u2588\u2588\u2588\u258e     | 793M/1.79G [03:24<03:57, 4.58MB/s]
 43%|\u2588\u2588\u2588\u2588\u258e     | 793M/1.79G [03:24<03:55, 4.60MB/s]
 43%|\u2588\u2588\u2588\u2588\u258e     | 794M/1.79G [03:24<03:56, 4.58MB/s]
 43%|\u2588\u2588\u2588\u2588\u258e     | 794M/1.79G [03:24<03:55, 4.61MB/s]
 43%|\u2588\u2588\u2588\u2588\u258e     | 795M/1.79G [03:24<03:53, 4.64MB/s]
 43%|\u2588\u2588\u2588\u2588\u258e     | 795M/1.79G [03:24<04:00, 4.50MB/s]
 43%|\u2588\u2588\u2588\u2588\u258e     | 796M/1.79G [03:24<04:11, 4.30MB/s]
 44%|\u2588\u2588\u2588\u2588\u258e     | 796M/1.79G [03:24<04:06, 4.40MB/s]
 44%|\u2588\u2588\u2588\u2588\u258e     | 796M/1.79G [03:24<04:02, 4.46MB/s]
 44%|\u2588\u2588\u2588\u2588\u258e     | 797M/1.79G [03:25<04:11, 4.30MB/s]
 44%|\u2588\u2588\u2588\u2588\u258e     | 797M/1.79G [03:25<04:07, 4.37MB/s]
 44%|\u2588\u2588\u2588\u2588\u258e     | 798M/1.79G [03:25<04:06, 4.38MB/s]
 44%|\u2588\u2588\u2588\u2588\u258e     | 798M/1.79G [03:25<04:04, 4.43MB/s]
 44%|\u2588\u2588\u2588\u2588\u258e     | 799M/1.79G [03:25<04:02, 4.46MB/s]
 44%|\u2588\u2588\u2588\u2588\u258e     | 799M/1.79G [03:25<03:59, 4.51MB/s]
 44%|\u2588\u2588\u2588\u2588\u258e     | 800M/1.79G [03:25<03:59, 4.51MB/s]
 44%|\u2588\u2588\u2588\u2588\u258e     | 800M/1.79G [03:25<03:55, 4.58MB/s]
 44%|\u2588\u2588\u2588\u2588\u258d     | 800M/1.79G [03:25<03:59, 4.50MB/s]
 44%|\u2588\u2588\u2588\u2588\u258d     | 801M/1.79G [03:26<03:58, 4.52MB/s]
 44%|\u2588\u2588\u2588\u2588\u258d     | 801M/1.79G [03:26<04:09, 4.33MB/s]
 44%|\u2588\u2588\u2588\u2588\u258d     | 802M/1.79G [03:26<04:08, 4.33MB/s]
 44%|\u2588\u2588\u2588\u2588\u258d     | 802M/1.79G [03:26<04:01, 4.46MB/s]
 44%|\u2588\u2588\u2588\u2588\u258d     | 803M/1.79G [03:26<04:00, 4.48MB/s]
 44%|\u2588\u2588\u2588\u2588\u258d     | 803M/1.79G [03:26<03:59, 4.49MB/s]
 44%|\u2588\u2588\u2588\u2588\u258d     | 804M/1.79G [03:26<04:08, 4.33MB/s]
 44%|\u2588\u2588\u2588\u2588\u258d     | 804M/1.79G [03:26<04:03, 4.42MB/s]
 44%|\u2588\u2588\u2588\u2588\u258d     | 805M/1.79G [03:26<03:58, 4.49MB/s]
 44%|\u2588\u2588\u2588\u2588\u258d     | 805M/1.79G [03:26<03:54, 4.58MB/s]
 44%|\u2588\u2588\u2588\u2588\u258d     | 805M/1.79G [03:27<03:55, 4.57MB/s]
 44%|\u2588\u2588\u2588\u2588\u258d     | 806M/1.79G [03:27<04:10, 4.28MB/s]
 44%|\u2588\u2588\u2588\u2588\u258d     | 806M/1.79G [03:27<04:06, 4.35MB/s]
 44%|\u2588\u2588\u2588\u2588\u258d     | 807M/1.79G [03:27<04:02, 4.42MB/s]
 44%|\u2588\u2588\u2588\u2588\u258d     | 807M/1.79G [03:27<04:05, 4.37MB/s]
 44%|\u2588\u2588\u2588\u2588\u258d     | 808M/1.79G [03:27<03:59, 4.47MB/s]
 44%|\u2588\u2588\u2588\u2588\u258d     | 808M/1.79G [03:27<04:02, 4.41MB/s]
 44%|\u2588\u2588\u2588\u2588\u258d     | 809M/1.79G [03:27<04:07, 4.32MB/s]
 44%|\u2588\u2588\u2588\u2588\u258d     | 809M/1.79G [03:27<04:07, 4.32MB/s]
 44%|\u2588\u2588\u2588\u2588\u258d     | 809M/1.79G [03:28<04:06, 4.34MB/s]
 44%|\u2588\u2588\u2588\u2588\u258d     | 810M/1.79G [03:28<03:59, 4.46MB/s]
 44%|\u2588\u2588\u2588\u2588\u258d     | 810M/1.79G [03:28<03:59, 4.45MB/s]
 44%|\u2588\u2588\u2588\u2588\u258d     | 811M/1.79G [03:28<04:00, 4.43MB/s]
 44%|\u2588\u2588\u2588\u2588\u258d     | 811M/1.79G [03:28<03:56, 4.52MB/s]
 44%|\u2588\u2588\u2588\u2588\u258d     | 812M/1.79G [03:28<03:56, 4.51MB/s]
 44%|\u2588\u2588\u2588\u2588\u258d     | 812M/1.79G [03:28<04:10, 4.25MB/s]
 44%|\u2588\u2588\u2588\u2588\u258d     | 813M/1.79G [03:28<04:04, 4.37MB/s]
 44%|\u2588\u2588\u2588\u2588\u258d     | 813M/1.79G [03:28<04:00, 4.44MB/s]
 44%|\u2588\u2588\u2588\u2588\u258d     | 813M/1.79G [03:28<03:58, 4.47MB/s]
 45%|\u2588\u2588\u2588\u2588\u258d     | 814M/1.79G [03:29<04:18, 4.11MB/s]
 45%|\u2588\u2588\u2588\u2588\u258d     | 814M/1.79G [03:29<04:09, 4.27MB/s]
 45%|\u2588\u2588\u2588\u2588\u258d     | 815M/1.79G [03:29<04:19, 4.10MB/s]
 45%|\u2588\u2588\u2588\u2588\u258d     | 815M/1.79G [03:29<04:14, 4.18MB/s]
 45%|\u2588\u2588\u2588\u2588\u258d     | 816M/1.79G [03:29<04:10, 4.24MB/s]
 45%|\u2588\u2588\u2588\u2588\u258d     | 816M/1.79G [03:29<04:17, 4.12MB/s]
 45%|\u2588\u2588\u2588\u2588\u258d     | 817M/1.79G [03:29<04:07, 4.28MB/s]
 45%|\u2588\u2588\u2588\u2588\u258d     | 817M/1.79G [03:29<04:13, 4.18MB/s]
 45%|\u2588\u2588\u2588\u2588\u258d     | 817M/1.79G [03:29<04:07, 4.29MB/s]
 45%|\u2588\u2588\u2588\u2588\u258d     | 818M/1.79G [03:30<04:05, 4.32MB/s]
 45%|\u2588\u2588\u2588\u2588\u258d     | 818M/1.79G [03:30<04:01, 4.39MB/s]
 45%|\u2588\u2588\u2588\u2588\u258d     | 819M/1.79G [03:30<03:57, 4.47MB/s]
 45%|\u2588\u2588\u2588\u2588\u258d     | 819M/1.79G [03:30<04:11, 4.21MB/s]
 45%|\u2588\u2588\u2588\u2588\u258d     | 820M/1.79G [03:30<04:21, 4.05MB/s]
 45%|\u2588\u2588\u2588\u2588\u258d     | 820M/1.79G [03:30<04:11, 4.21MB/s]
 45%|\u2588\u2588\u2588\u2588\u258d     | 820M/1.79G [03:30<04:01, 4.37MB/s]
 45%|\u2588\u2588\u2588\u2588\u258d     | 821M/1.79G [03:30<03:53, 4.52MB/s]
 45%|\u2588\u2588\u2588\u2588\u258d     | 821M/1.79G [03:30<03:59, 4.40MB/s]
 45%|\u2588\u2588\u2588\u2588\u258d     | 822M/1.79G [03:31<03:55, 4.48MB/s]
 45%|\u2588\u2588\u2588\u2588\u258d     | 822M/1.79G [03:31<03:56, 4.47MB/s]
 45%|\u2588\u2588\u2588\u2588\u258d     | 823M/1.79G [03:31<03:51, 4.55MB/s]
 45%|\u2588\u2588\u2588\u2588\u258c     | 823M/1.79G [03:31<03:48, 4.61MB/s]
 45%|\u2588\u2588\u2588\u2588\u258c     | 824M/1.79G [03:31<03:53, 4.51MB/s]
 45%|\u2588\u2588\u2588\u2588\u258c     | 824M/1.79G [03:31<03:55, 4.48MB/s]
 45%|\u2588\u2588\u2588\u2588\u258c     | 825M/1.79G [03:31<03:51, 4.54MB/s]
 45%|\u2588\u2588\u2588\u2588\u258c     | 825M/1.79G [03:31<03:48, 4.60MB/s]
 45%|\u2588\u2588\u2588\u2588\u258c     | 825M/1.79G [03:31<03:49, 4.59MB/s]
 45%|\u2588\u2588\u2588\u2588\u258c     | 826M/1.79G [03:31<03:50, 4.57MB/s]
 45%|\u2588\u2588\u2588\u2588\u258c     | 826M/1.79G [03:32<03:46, 4.63MB/s]
 45%|\u2588\u2588\u2588\u2588\u258c     | 827M/1.79G [03:32<03:45, 4.66MB/s]
 45%|\u2588\u2588\u2588\u2588\u258c     | 827M/1.79G [03:32<03:43, 4.70MB/s]
 45%|\u2588\u2588\u2588\u2588\u258c     | 828M/1.79G [03:32<03:47, 4.62MB/s]
 45%|\u2588\u2588\u2588\u2588\u258c     | 828M/1.79G [03:32<03:46, 4.62MB/s]
 45%|\u2588\u2588\u2588\u2588\u258c     | 829M/1.79G [03:32<03:48, 4.60MB/s]
 45%|\u2588\u2588\u2588\u2588\u258c     | 829M/1.79G [03:32<03:48, 4.59MB/s]
 45%|\u2588\u2588\u2588\u2588\u258c     | 830M/1.79G [03:32<03:47, 4.61MB/s]
 45%|\u2588\u2588\u2588\u2588\u258c     | 830M/1.79G [03:32<03:47, 4.61MB/s]
 45%|\u2588\u2588\u2588\u2588\u258c     | 830M/1.79G [03:33<03:50, 4.53MB/s]
 45%|\u2588\u2588\u2588\u2588\u258c     | 831M/1.79G [03:33<03:51, 4.53MB/s]
 45%|\u2588\u2588\u2588\u2588\u258c     | 831M/1.79G [03:33<03:49, 4.55MB/s]
 45%|\u2588\u2588\u2588\u2588\u258c     | 832M/1.79G [03:33<03:47, 4.60MB/s]
 46%|\u2588\u2588\u2588\u2588\u258c     | 832M/1.79G [03:33<04:06, 4.24MB/s]
 46%|\u2588\u2588\u2588\u2588\u258c     | 833M/1.79G [03:33<03:58, 4.38MB/s]
 46%|\u2588\u2588\u2588\u2588\u258c     | 833M/1.79G [03:33<03:54, 4.45MB/s]
 46%|\u2588\u2588\u2588\u2588\u258c     | 834M/1.79G [03:33<03:55, 4.44MB/s]
 46%|\u2588\u2588\u2588\u2588\u258c     | 834M/1.79G [03:33<03:53, 4.48MB/s]
 46%|\u2588\u2588\u2588\u2588\u258c     | 835M/1.79G [03:33<03:51, 4.50MB/s]
 46%|\u2588\u2588\u2588\u2588\u258c     | 835M/1.79G [03:34<03:48, 4.57MB/s]
 46%|\u2588\u2588\u2588\u2588\u258c     | 835M/1.79G [03:34<03:50, 4.53MB/s]
 46%|\u2588\u2588\u2588\u2588\u258c     | 836M/1.79G [03:34<03:51, 4.51MB/s]
 46%|\u2588\u2588\u2588\u2588\u258c     | 836M/1.79G [03:34<03:48, 4.56MB/s]
 46%|\u2588\u2588\u2588\u2588\u258c     | 837M/1.79G [03:34<03:47, 4.57MB/s]
 46%|\u2588\u2588\u2588\u2588\u258c     | 837M/1.79G [03:34<03:45, 4.61MB/s]
 46%|\u2588\u2588\u2588\u2588\u258c     | 838M/1.79G [03:34<03:49, 4.53MB/s]
 46%|\u2588\u2588\u2588\u2588\u258c     | 838M/1.79G [03:34<03:49, 4.53MB/s]
 46%|\u2588\u2588\u2588\u2588\u258c     | 839M/1.79G [03:34<03:46, 4.58MB/s]
 46%|\u2588\u2588\u2588\u2588\u258c     | 839M/1.79G [03:35<04:01, 4.29MB/s]
 46%|\u2588\u2588\u2588\u2588\u258c     | 840M/1.79G [03:35<03:55, 4.40MB/s]
 46%|\u2588\u2588\u2588\u2588\u258c     | 840M/1.79G [03:35<03:55, 4.40MB/s]
 46%|\u2588\u2588\u2588\u2588\u258c     | 840M/1.79G [03:35<03:55, 4.40MB/s]
 46%|\u2588\u2588\u2588\u2588\u258c     | 841M/1.79G [03:35<03:55, 4.40MB/s]
 46%|\u2588\u2588\u2588\u2588\u258c     | 841M/1.79G [03:35<03:53, 4.44MB/s]
 46%|\u2588\u2588\u2588\u2588\u258c     | 842M/1.79G [03:35<03:52, 4.46MB/s]
 46%|\u2588\u2588\u2588\u2588\u258c     | 842M/1.79G [03:35<03:51, 4.47MB/s]
 46%|\u2588\u2588\u2588\u2588\u258c     | 843M/1.79G [03:35<03:48, 4.53MB/s]
 46%|\u2588\u2588\u2588\u2588\u258c     | 843M/1.79G [03:35<03:54, 4.41MB/s]
 46%|\u2588\u2588\u2588\u2588\u258c     | 844M/1.79G [03:36<03:49, 4.50MB/s]
 46%|\u2588\u2588\u2588\u2588\u258c     | 844M/1.79G [03:36<03:44, 4.59MB/s]
 46%|\u2588\u2588\u2588\u2588\u258c     | 844M/1.79G [03:36<03:45, 4.58MB/s]
 46%|\u2588\u2588\u2588\u2588\u258c     | 845M/1.79G [03:36<03:52, 4.45MB/s]
 46%|\u2588\u2588\u2588\u2588\u258c     | 845M/1.79G [03:36<03:52, 4.43MB/s]
 46%|\u2588\u2588\u2588\u2588\u258c     | 846M/1.79G [03:36<03:51, 4.44MB/s]
 46%|\u2588\u2588\u2588\u2588\u258b     | 846M/1.79G [03:36<03:49, 4.49MB/s]
 46%|\u2588\u2588\u2588\u2588\u258b     | 847M/1.79G [03:36<03:44, 4.58MB/s]
 46%|\u2588\u2588\u2588\u2588\u258b     | 847M/1.79G [03:36<03:43, 4.60MB/s]
 46%|\u2588\u2588\u2588\u2588\u258b     | 848M/1.79G [03:37<03:41, 4.64MB/s]
 46%|\u2588\u2588\u2588\u2588\u258b     | 848M/1.79G [03:37<03:39, 4.69MB/s]
 46%|\u2588\u2588\u2588\u2588\u258b     | 849M/1.79G [03:37<03:40, 4.66MB/s]
 46%|\u2588\u2588\u2588\u2588\u258b     | 849M/1.79G [03:37<03:42, 4.62MB/s]
 46%|\u2588\u2588\u2588\u2588\u258b     | 849M/1.79G [03:37<03:43, 4.59MB/s]
 46%|\u2588\u2588\u2588\u2588\u258b     | 850M/1.79G [03:37<03:40, 4.65MB/s]
 46%|\u2588\u2588\u2588\u2588\u258b     | 850M/1.79G [03:37<03:39, 4.68MB/s]
 47%|\u2588\u2588\u2588\u2588\u258b     | 851M/1.79G [03:37<03:41, 4.64MB/s]
 47%|\u2588\u2588\u2588\u2588\u258b     | 851M/1.79G [03:37<03:40, 4.66MB/s]
 47%|\u2588\u2588\u2588\u2588\u258b     | 852M/1.79G [03:37<03:39, 4.67MB/s]
 47%|\u2588\u2588\u2588\u2588\u258b     | 852M/1.79G [03:38<03:42, 4.61MB/s]
 47%|\u2588\u2588\u2588\u2588\u258b     | 853M/1.79G [03:38<03:40, 4.65MB/s]
 47%|\u2588\u2588\u2588\u2588\u258b     | 853M/1.79G [03:38<03:38, 4.67MB/s]
 47%|\u2588\u2588\u2588\u2588\u258b     | 854M/1.79G [03:38<03:49, 4.46MB/s]
 47%|\u2588\u2588\u2588\u2588\u258b     | 854M/1.79G [03:38<03:46, 4.51MB/s]
 47%|\u2588\u2588\u2588\u2588\u258b     | 854M/1.79G [03:38<03:44, 4.56MB/s]
 47%|\u2588\u2588\u2588\u2588\u258b     | 855M/1.79G [03:38<03:42, 4.58MB/s]
 47%|\u2588\u2588\u2588\u2588\u258b     | 855M/1.79G [03:38<03:40, 4.62MB/s]
 47%|\u2588\u2588\u2588\u2588\u258b     | 856M/1.79G [03:38<03:41, 4.61MB/s]
 47%|\u2588\u2588\u2588\u2588\u258b     | 856M/1.79G [03:38<03:40, 4.63MB/s]
 47%|\u2588\u2588\u2588\u2588\u258b     | 857M/1.79G [03:39<03:58, 4.27MB/s]
 47%|\u2588\u2588\u2588\u2588\u258b     | 857M/1.79G [03:39<03:53, 4.36MB/s]
 47%|\u2588\u2588\u2588\u2588\u258b     | 858M/1.79G [03:39<03:48, 4.46MB/s]
 47%|\u2588\u2588\u2588\u2588\u258b     | 858M/1.79G [03:39<03:45, 4.51MB/s]
 47%|\u2588\u2588\u2588\u2588\u258b     | 859M/1.79G [03:39<03:42, 4.57MB/s]
 47%|\u2588\u2588\u2588\u2588\u258b     | 859M/1.79G [03:39<03:40, 4.61MB/s]
 47%|\u2588\u2588\u2588\u2588\u258b     | 859M/1.79G [03:39<03:46, 4.49MB/s]
 47%|\u2588\u2588\u2588\u2588\u258b     | 860M/1.79G [03:39<04:04, 4.15MB/s]
 47%|\u2588\u2588\u2588\u2588\u258b     | 860M/1.79G [03:39<03:58, 4.27MB/s]
 47%|\u2588\u2588\u2588\u2588\u258b     | 861M/1.79G [03:40<03:52, 4.37MB/s]
 47%|\u2588\u2588\u2588\u2588\u258b     | 861M/1.79G [03:40<03:50, 4.40MB/s]
 47%|\u2588\u2588\u2588\u2588\u258b     | 862M/1.79G [03:40<03:49, 4.43MB/s]
 47%|\u2588\u2588\u2588\u2588\u258b     | 862M/1.79G [03:40<03:45, 4.50MB/s]
 47%|\u2588\u2588\u2588\u2588\u258b     | 863M/1.79G [03:40<03:45, 4.50MB/s]
 47%|\u2588\u2588\u2588\u2588\u258b     | 863M/1.79G [03:40<03:41, 4.57MB/s]
 47%|\u2588\u2588\u2588\u2588\u258b     | 863M/1.79G [03:40<03:41, 4.57MB/s]
 47%|\u2588\u2588\u2588\u2588\u258b     | 864M/1.79G [03:40<03:36, 4.66MB/s]
 47%|\u2588\u2588\u2588\u2588\u258b     | 864M/1.79G [03:40<03:37, 4.65MB/s]
 47%|\u2588\u2588\u2588\u2588\u258b     | 865M/1.79G [03:41<03:38, 4.63MB/s]
 47%|\u2588\u2588\u2588\u2588\u258b     | 865M/1.79G [03:41<03:38, 4.63MB/s]
 47%|\u2588\u2588\u2588\u2588\u258b     | 866M/1.79G [03:41<03:41, 4.56MB/s]
 47%|\u2588\u2588\u2588\u2588\u258b     | 866M/1.79G [03:41<03:39, 4.61MB/s]
 47%|\u2588\u2588\u2588\u2588\u258b     | 867M/1.79G [03:41<03:36, 4.65MB/s]
 47%|\u2588\u2588\u2588\u2588\u258b     | 867M/1.79G [03:41<03:58, 4.23MB/s]
 47%|\u2588\u2588\u2588\u2588\u258b     | 868M/1.79G [03:41<04:02, 4.16MB/s]
 47%|\u2588\u2588\u2588\u2588\u258b     | 868M/1.79G [03:41<04:05, 4.10MB/s]
 47%|\u2588\u2588\u2588\u2588\u258b     | 868M/1.79G [03:41<04:22, 3.84MB/s]
 48%|\u2588\u2588\u2588\u2588\u258a     | 869M/1.79G [03:42<04:07, 4.07MB/s]
 48%|\u2588\u2588\u2588\u2588\u258a     | 869M/1.79G [03:42<03:58, 4.23MB/s]
 48%|\u2588\u2588\u2588\u2588\u258a     | 870M/1.79G [03:42<03:49, 4.37MB/s]
 48%|\u2588\u2588\u2588\u2588\u258a     | 870M/1.79G [03:42<03:50, 4.37MB/s]
 48%|\u2588\u2588\u2588\u2588\u258a     | 871M/1.79G [03:42<03:50, 4.35MB/s]
 48%|\u2588\u2588\u2588\u2588\u258a     | 871M/1.79G [03:42<03:47, 4.42MB/s]
 48%|\u2588\u2588\u2588\u2588\u258a     | 871M/1.79G [03:42<03:45, 4.44MB/s]
 48%|\u2588\u2588\u2588\u2588\u258a     | 872M/1.79G [03:42<03:42, 4.52MB/s]
 48%|\u2588\u2588\u2588\u2588\u258a     | 872M/1.79G [03:42<03:39, 4.57MB/s]
 48%|\u2588\u2588\u2588\u2588\u258a     | 873M/1.79G [03:42<03:37, 4.61MB/s]
 48%|\u2588\u2588\u2588\u2588\u258a     | 873M/1.79G [03:43<03:38, 4.59MB/s]
 48%|\u2588\u2588\u2588\u2588\u258a     | 874M/1.79G [03:43<03:38, 4.58MB/s]
 48%|\u2588\u2588\u2588\u2588\u258a     | 874M/1.79G [03:43<03:36, 4.63MB/s]
 48%|\u2588\u2588\u2588\u2588\u258a     | 875M/1.79G [03:43<03:36, 4.62MB/s]
 48%|\u2588\u2588\u2588\u2588\u258a     | 875M/1.79G [03:43<03:37, 4.59MB/s]
 48%|\u2588\u2588\u2588\u2588\u258a     | 876M/1.79G [03:43<03:38, 4.58MB/s]
 48%|\u2588\u2588\u2588\u2588\u258a     | 876M/1.79G [03:43<03:42, 4.50MB/s]
 48%|\u2588\u2588\u2588\u2588\u258a     | 876M/1.79G [03:43<03:41, 4.51MB/s]
 48%|\u2588\u2588\u2588\u2588\u258a     | 877M/1.79G [03:43<03:40, 4.54MB/s]
 48%|\u2588\u2588\u2588\u2588\u258a     | 877M/1.79G [03:43<03:40, 4.52MB/s]
 48%|\u2588\u2588\u2588\u2588\u258a     | 878M/1.79G [03:44<03:38, 4.57MB/s]
 48%|\u2588\u2588\u2588\u2588\u258a     | 878M/1.79G [03:44<03:38, 4.57MB/s]
 48%|\u2588\u2588\u2588\u2588\u258a     | 879M/1.79G [03:44<03:52, 4.29MB/s]
 48%|\u2588\u2588\u2588\u2588\u258a     | 879M/1.79G [03:44<03:54, 4.24MB/s]
 48%|\u2588\u2588\u2588\u2588\u258a     | 880M/1.79G [03:44<03:50, 4.32MB/s]
 48%|\u2588\u2588\u2588\u2588\u258a     | 880M/1.79G [03:44<03:54, 4.24MB/s]
 48%|\u2588\u2588\u2588\u2588\u258a     | 880M/1.79G [03:44<03:54, 4.24MB/s]
 48%|\u2588\u2588\u2588\u2588\u258a     | 881M/1.79G [03:44<03:45, 4.40MB/s]
 48%|\u2588\u2588\u2588\u2588\u258a     | 881M/1.79G [03:44<03:43, 4.45MB/s]
 48%|\u2588\u2588\u2588\u2588\u258a     | 882M/1.79G [03:45<03:43, 4.44MB/s]
 48%|\u2588\u2588\u2588\u2588\u258a     | 882M/1.79G [03:45<03:39, 4.52MB/s]
 48%|\u2588\u2588\u2588\u2588\u258a     | 883M/1.79G [03:45<03:38, 4.55MB/s]
 48%|\u2588\u2588\u2588\u2588\u258a     | 883M/1.79G [03:45<03:36, 4.59MB/s]
 48%|\u2588\u2588\u2588\u2588\u258a     | 884M/1.79G [03:45<03:34, 4.61MB/s]
 48%|\u2588\u2588\u2588\u2588\u258a     | 884M/1.79G [03:45<03:35, 4.60MB/s]
 48%|\u2588\u2588\u2588\u2588\u258a     | 884M/1.79G [03:45<03:34, 4.63MB/s]
 48%|\u2588\u2588\u2588\u2588\u258a     | 885M/1.79G [03:45<03:35, 4.59MB/s]
 48%|\u2588\u2588\u2588\u2588\u258a     | 885M/1.79G [03:45<03:35, 4.59MB/s]
 48%|\u2588\u2588\u2588\u2588\u258a     | 886M/1.79G [03:45<03:37, 4.55MB/s]
 48%|\u2588\u2588\u2588\u2588\u258a     | 886M/1.79G [03:46<03:35, 4.58MB/s]
 48%|\u2588\u2588\u2588\u2588\u258a     | 887M/1.79G [03:46<03:34, 4.60MB/s]
 49%|\u2588\u2588\u2588\u2588\u258a     | 887M/1.79G [03:46<03:44, 4.39MB/s]
 49%|\u2588\u2588\u2588\u2588\u258a     | 888M/1.79G [03:46<03:44, 4.39MB/s]
 49%|\u2588\u2588\u2588\u2588\u258a     | 888M/1.79G [03:46<03:22, 4.87MB/s]
 49%|\u2588\u2588\u2588\u2588\u2589     | 893M/1.79G [03:46<01:01, 16.1MB/s]
 49%|\u2588\u2588\u2588\u2588\u2589     | 894M/1.79G [03:46<01:01, 16.0MB/s]
 49%|\u2588\u2588\u2588\u2588\u2589     | 896M/1.79G [03:46<01:04, 15.3MB/s]
 49%|\u2588\u2588\u2588\u2588\u2589     | 897M/1.79G [03:46<01:11, 13.7MB/s]
 49%|\u2588\u2588\u2588\u2588\u2589     | 898M/1.79G [03:47<01:23, 11.6MB/s]
 49%|\u2588\u2588\u2588\u2588\u2589     | 900M/1.79G [03:47<01:10, 13.9MB/s]
 49%|\u2588\u2588\u2588\u2588\u2589     | 902M/1.79G [03:47<01:17, 12.5MB/s]
 49%|\u2588\u2588\u2588\u2588\u2589     | 903M/1.79G [03:47<01:19, 12.2MB/s]
 49%|\u2588\u2588\u2588\u2588\u2589     | 904M/1.79G [03:47<01:19, 12.2MB/s]
 50%|\u2588\u2588\u2588\u2588\u2589     | 906M/1.79G [03:47<01:20, 12.0MB/s]
 50%|\u2588\u2588\u2588\u2588\u2589     | 907M/1.79G [03:47<01:19, 12.1MB/s]
 50%|\u2588\u2588\u2588\u2588\u2589     | 908M/1.79G [03:47<01:23, 11.6MB/s]
 50%|\u2588\u2588\u2588\u2588\u2589     | 909M/1.79G [03:48<01:25, 11.3MB/s]
 50%|\u2588\u2588\u2588\u2588\u2589     | 910M/1.79G [03:48<01:26, 11.1MB/s]
 50%|\u2588\u2588\u2588\u2588\u2589     | 911M/1.79G [03:48<01:35, 10.1MB/s]
 50%|\u2588\u2588\u2588\u2588\u2589     | 913M/1.79G [03:48<01:17, 12.4MB/s]
 50%|\u2588\u2588\u2588\u2588\u2589     | 914M/1.79G [03:48<01:33, 10.3MB/s]
 50%|\u2588\u2588\u2588\u2588\u2588     | 915M/1.79G [03:48<01:31, 10.5MB/s]
 50%|\u2588\u2588\u2588\u2588\u2588     | 916M/1.79G [03:48<01:30, 10.5MB/s]
 50%|\u2588\u2588\u2588\u2588\u2588     | 918M/1.79G [03:48<01:31, 10.5MB/s]
 50%|\u2588\u2588\u2588\u2588\u2588     | 919M/1.79G [03:48<01:30, 10.6MB/s]
 50%|\u2588\u2588\u2588\u2588\u2588     | 920M/1.79G [03:49<02:03, 7.73MB/s]
 50%|\u2588\u2588\u2588\u2588\u2588     | 921M/1.79G [03:49<01:43, 9.23MB/s]
 50%|\u2588\u2588\u2588\u2588\u2588     | 923M/1.79G [03:49<01:24, 11.2MB/s]
 51%|\u2588\u2588\u2588\u2588\u2588     | 924M/1.79G [03:49<01:16, 12.4MB/s]
 51%|\u2588\u2588\u2588\u2588\u2588     | 926M/1.79G [03:49<01:19, 11.8MB/s]
 51%|\u2588\u2588\u2588\u2588\u2588     | 927M/1.79G [03:49<01:17, 12.2MB/s]
 51%|\u2588\u2588\u2588\u2588\u2588     | 928M/1.79G [03:49<01:16, 12.3MB/s]
 51%|\u2588\u2588\u2588\u2588\u2588     | 929M/1.79G [03:49<01:19, 11.9MB/s]
 51%|\u2588\u2588\u2588\u2588\u2588     | 931M/1.79G [03:50<01:30, 10.4MB/s]
 51%|\u2588\u2588\u2588\u2588\u2588     | 932M/1.79G [03:50<01:17, 12.2MB/s]
 51%|\u2588\u2588\u2588\u2588\u2588     | 934M/1.79G [03:50<01:18, 12.0MB/s]
 51%|\u2588\u2588\u2588\u2588\u2588     | 935M/1.79G [03:50<01:22, 11.4MB/s]
 51%|\u2588\u2588\u2588\u2588\u2588     | 936M/1.79G [03:50<01:27, 10.8MB/s]
 51%|\u2588\u2588\u2588\u2588\u2588\u258f    | 938M/1.79G [03:50<01:21, 11.5MB/s]
 51%|\u2588\u2588\u2588\u2588\u2588\u258f    | 939M/1.79G [03:50<01:11, 13.1MB/s]
 51%|\u2588\u2588\u2588\u2588\u2588\u258f    | 941M/1.79G [03:50<01:13, 12.7MB/s]
 51%|\u2588\u2588\u2588\u2588\u2588\u258f    | 942M/1.79G [03:51<01:17, 12.0MB/s]
 52%|\u2588\u2588\u2588\u2588\u2588\u258f    | 943M/1.79G [03:51<01:29, 10.4MB/s]
 52%|\u2588\u2588\u2588\u2588\u2588\u258f    | 945M/1.79G [03:51<01:14, 12.4MB/s]
 52%|\u2588\u2588\u2588\u2588\u2588\u258f    | 946M/1.79G [03:51<01:15, 12.3MB/s]
 52%|\u2588\u2588\u2588\u2588\u2588\u258f    | 947M/1.79G [03:51<01:17, 11.9MB/s]
 52%|\u2588\u2588\u2588\u2588\u2588\u258f    | 949M/1.79G [03:51<01:14, 12.4MB/s]
 52%|\u2588\u2588\u2588\u2588\u2588\u258f    | 950M/1.79G [03:51<01:14, 12.3MB/s]
 52%|\u2588\u2588\u2588\u2588\u2588\u258f    | 951M/1.79G [03:51<01:11, 12.9MB/s]
 52%|\u2588\u2588\u2588\u2588\u2588\u258f    | 953M/1.79G [03:52<01:17, 11.9MB/s]
 52%|\u2588\u2588\u2588\u2588\u2588\u258f    | 954M/1.79G [03:52<01:11, 12.7MB/s]
 52%|\u2588\u2588\u2588\u2588\u2588\u258f    | 956M/1.79G [03:52<01:12, 12.7MB/s]
 52%|\u2588\u2588\u2588\u2588\u2588\u258f    | 957M/1.79G [03:52<01:28, 10.4MB/s]
 52%|\u2588\u2588\u2588\u2588\u2588\u258f    | 959M/1.79G [03:52<01:12, 12.5MB/s]
 52%|\u2588\u2588\u2588\u2588\u2588\u258f    | 960M/1.79G [03:52<01:13, 12.4MB/s]
 53%|\u2588\u2588\u2588\u2588\u2588\u258e    | 961M/1.79G [03:52<01:15, 12.0MB/s]
 53%|\u2588\u2588\u2588\u2588\u2588\u258e    | 962M/1.79G [03:52<01:14, 12.1MB/s]
 53%|\u2588\u2588\u2588\u2588\u2588\u258e    | 964M/1.79G [03:52<01:16, 11.8MB/s]
 53%|\u2588\u2588\u2588\u2588\u2588\u258e    | 965M/1.79G [03:53<01:17, 11.7MB/s]
 53%|\u2588\u2588\u2588\u2588\u2588\u258e    | 966M/1.79G [03:53<01:19, 11.4MB/s]
 53%|\u2588\u2588\u2588\u2588\u2588\u258e    | 967M/1.79G [03:53<01:15, 11.9MB/s]
 53%|\u2588\u2588\u2588\u2588\u2588\u258e    | 968M/1.79G [03:53<01:15, 11.9MB/s]
 53%|\u2588\u2588\u2588\u2588\u2588\u258e    | 969M/1.79G [03:53<01:15, 11.9MB/s]
 53%|\u2588\u2588\u2588\u2588\u2588\u258e    | 971M/1.79G [03:53<01:15, 12.0MB/s]
 53%|\u2588\u2588\u2588\u2588\u2588\u258e    | 972M/1.79G [03:53<01:34, 9.50MB/s]
 53%|\u2588\u2588\u2588\u2588\u2588\u258e    | 973M/1.79G [03:54<02:18, 6.50MB/s]
 53%|\u2588\u2588\u2588\u2588\u2588\u258e    | 976M/1.79G [03:54<01:16, 11.6MB/s]
 53%|\u2588\u2588\u2588\u2588\u2588\u258e    | 978M/1.79G [03:54<01:16, 11.6MB/s]
 54%|\u2588\u2588\u2588\u2588\u2588\u258e    | 979M/1.79G [03:54<01:18, 11.3MB/s]
 54%|\u2588\u2588\u2588\u2588\u2588\u258e    | 980M/1.79G [03:54<01:15, 11.8MB/s]
 54%|\u2588\u2588\u2588\u2588\u2588\u258e    | 982M/1.79G [03:54<01:15, 11.7MB/s]
 54%|\u2588\u2588\u2588\u2588\u2588\u258e    | 983M/1.79G [03:54<01:16, 11.5MB/s]
 54%|\u2588\u2588\u2588\u2588\u2588\u258d    | 984M/1.79G [03:54<01:19, 11.2MB/s]
 54%|\u2588\u2588\u2588\u2588\u2588\u258d    | 985M/1.79G [03:55<01:21, 10.9MB/s]
 54%|\u2588\u2588\u2588\u2588\u2588\u258d    | 986M/1.79G [03:55<01:27, 10.1MB/s]
 54%|\u2588\u2588\u2588\u2588\u2588\u258d    | 987M/1.79G [03:55<02:05, 7.05MB/s]
 54%|\u2588\u2588\u2588\u2588\u2588\u258d    | 989M/1.79G [03:55<01:29, 9.85MB/s]
 54%|\u2588\u2588\u2588\u2588\u2588\u258d    | 992M/1.79G [03:55<01:12, 12.2MB/s]
 54%|\u2588\u2588\u2588\u2588\u2588\u258d    | 993M/1.79G [03:55<01:08, 12.9MB/s]
 54%|\u2588\u2588\u2588\u2588\u2588\u258d    | 994M/1.79G [03:55<01:08, 12.8MB/s]
 54%|\u2588\u2588\u2588\u2588\u2588\u258d    | 996M/1.79G [03:56<01:11, 12.3MB/s]
 55%|\u2588\u2588\u2588\u2588\u2588\u258d    | 997M/1.79G [03:56<01:13, 11.9MB/s]
 55%|\u2588\u2588\u2588\u2588\u2588\u258d    | 998M/1.79G [03:56<01:11, 12.1MB/s]
 55%|\u2588\u2588\u2588\u2588\u2588\u258d    | 999M/1.79G [03:56<01:24, 10.4MB/s]
 55%|\u2588\u2588\u2588\u2588\u2588\u258d    | 0.98G/1.79G [03:56<01:12, 12.0MB/s]
 55%|\u2588\u2588\u2588\u2588\u2588\u258d    | 0.98G/1.79G [03:56<01:06, 13.1MB/s]
 55%|\u2588\u2588\u2588\u2588\u2588\u258d    | 0.98G/1.79G [03:56<01:11, 12.1MB/s]
 55%|\u2588\u2588\u2588\u2588\u2588\u258d    | 0.98G/1.79G [03:56<01:12, 11.9MB/s]
 55%|\u2588\u2588\u2588\u2588\u2588\u258c    | 0.98G/1.79G [03:57<01:13, 11.8MB/s]
 55%|\u2588\u2588\u2588\u2588\u2588\u258c    | 0.98G/1.79G [03:57<01:17, 11.1MB/s]
 55%|\u2588\u2588\u2588\u2588\u2588\u258c    | 0.99G/1.79G [03:57<01:18, 10.9MB/s]
 55%|\u2588\u2588\u2588\u2588\u2588\u258c    | 0.99G/1.79G [03:57<01:13, 11.7MB/s]
 55%|\u2588\u2588\u2588\u2588\u2588\u258c    | 0.99G/1.79G [03:57<01:20, 10.6MB/s]
 55%|\u2588\u2588\u2588\u2588\u2588\u258c    | 0.99G/1.79G [03:57<01:31, 9.35MB/s]
 55%|\u2588\u2588\u2588\u2588\u2588\u258c    | 0.99G/1.79G [03:57<01:12, 11.7MB/s]
 56%|\u2588\u2588\u2588\u2588\u2588\u258c    | 0.99G/1.79G [03:57<01:25, 9.95MB/s]
 56%|\u2588\u2588\u2588\u2588\u2588\u258c    | 0.99G/1.79G [03:58<01:14, 11.4MB/s]
 56%|\u2588\u2588\u2588\u2588\u2588\u258c    | 0.99G/1.79G [03:58<01:13, 11.5MB/s]
 56%|\u2588\u2588\u2588\u2588\u2588\u258c    | 1.00G/1.79G [03:58<01:53, 7.46MB/s]
 56%|\u2588\u2588\u2588\u2588\u2588\u258c    | 1.00G/1.79G [03:58<01:03, 13.2MB/s]
 56%|\u2588\u2588\u2588\u2588\u2588\u258c    | 1.00G/1.79G [03:58<01:05, 12.8MB/s]
 56%|\u2588\u2588\u2588\u2588\u2588\u258c    | 1.00G/1.79G [03:59<01:35, 8.77MB/s]
 56%|\u2588\u2588\u2588\u2588\u2588\u258b    | 1.01G/1.79G [03:59<01:02, 13.3MB/s]
 56%|\u2588\u2588\u2588\u2588\u2588\u258b    | 1.01G/1.79G [03:59<01:08, 12.1MB/s]
 57%|\u2588\u2588\u2588\u2588\u2588\u258b    | 1.01G/1.79G [03:59<01:15, 11.1MB/s]
 57%|\u2588\u2588\u2588\u2588\u2588\u258b    | 1.01G/1.79G [03:59<01:08, 12.1MB/s]
 57%|\u2588\u2588\u2588\u2588\u2588\u258b    | 1.01G/1.79G [03:59<01:07, 12.3MB/s]
 57%|\u2588\u2588\u2588\u2588\u2588\u258b    | 1.01G/1.79G [03:59<01:06, 12.5MB/s]
 57%|\u2588\u2588\u2588\u2588\u2588\u258b    | 1.02G/1.79G [04:00<01:11, 11.7MB/s]
 57%|\u2588\u2588\u2588\u2588\u2588\u258b    | 1.02G/1.79G [04:00<01:27, 9.44MB/s]
 57%|\u2588\u2588\u2588\u2588\u2588\u258b    | 1.02G/1.79G [04:00<01:09, 11.9MB/s]
 57%|\u2588\u2588\u2588\u2588\u2588\u258b    | 1.02G/1.79G [04:00<01:02, 13.2MB/s]
 57%|\u2588\u2588\u2588\u2588\u2588\u258b    | 1.02G/1.79G [04:00<01:07, 12.1MB/s]
 57%|\u2588\u2588\u2588\u2588\u2588\u258b    | 1.02G/1.79G [04:00<01:21, 10.1MB/s]
 57%|\u2588\u2588\u2588\u2588\u2588\u258b    | 1.02G/1.79G [04:01<01:35, 8.57MB/s]
 57%|\u2588\u2588\u2588\u2588\u2588\u258b    | 1.02G/1.79G [04:01<01:50, 7.39MB/s]
 58%|\u2588\u2588\u2588\u2588\u2588\u258a    | 1.03G/1.79G [04:01<00:52, 15.5MB/s]
 58%|\u2588\u2588\u2588\u2588\u2588\u258a    | 1.03G/1.79G [04:01<01:14, 10.9MB/s]
 58%|\u2588\u2588\u2588\u2588\u2588\u258a    | 1.03G/1.79G [04:01<01:13, 11.1MB/s]
 58%|\u2588\u2588\u2588\u2588\u2588\u258a    | 1.04G/1.79G [04:02<00:59, 13.5MB/s]
 58%|\u2588\u2588\u2588\u2588\u2588\u258a    | 1.04G/1.79G [04:02<01:02, 12.8MB/s]
 58%|\u2588\u2588\u2588\u2588\u2588\u258a    | 1.04G/1.79G [04:02<01:00, 13.2MB/s]
 58%|\u2588\u2588\u2588\u2588\u2588\u258a    | 1.04G/1.79G [04:02<00:58, 13.7MB/s]
 58%|\u2588\u2588\u2588\u2588\u2588\u258a    | 1.04G/1.79G [04:02<00:58, 13.7MB/s]
 58%|\u2588\u2588\u2588\u2588\u2588\u258a    | 1.04G/1.79G [04:02<00:59, 13.4MB/s]
 59%|\u2588\u2588\u2588\u2588\u2588\u258a    | 1.05G/1.79G [04:02<01:05, 12.1MB/s]
 59%|\u2588\u2588\u2588\u2588\u2588\u258a    | 1.05G/1.79G [04:02<00:59, 13.3MB/s]
 59%|\u2588\u2588\u2588\u2588\u2588\u258a    | 1.05G/1.79G [04:03<01:02, 12.6MB/s]
 59%|\u2588\u2588\u2588\u2588\u2588\u2589    | 1.05G/1.79G [04:03<01:01, 12.8MB/s]
 59%|\u2588\u2588\u2588\u2588\u2588\u2589    | 1.05G/1.79G [04:03<01:02, 12.7MB/s]
 59%|\u2588\u2588\u2588\u2588\u2588\u2589    | 1.05G/1.79G [04:03<01:01, 12.8MB/s]
 59%|\u2588\u2588\u2588\u2588\u2588\u2589    | 1.05G/1.79G [04:03<01:03, 12.5MB/s]
 59%|\u2588\u2588\u2588\u2588\u2588\u2589    | 1.05G/1.79G [04:03<01:04, 12.1MB/s]
 59%|\u2588\u2588\u2588\u2588\u2588\u2589    | 1.06G/1.79G [04:03<01:02, 12.5MB/s]
 59%|\u2588\u2588\u2588\u2588\u2588\u2589    | 1.06G/1.79G [04:03<01:04, 12.1MB/s]
 59%|\u2588\u2588\u2588\u2588\u2588\u2589    | 1.06G/1.79G [04:03<01:06, 11.8MB/s]
 59%|\u2588\u2588\u2588\u2588\u2588\u2589    | 1.06G/1.79G [04:04<01:10, 11.1MB/s]
 59%|\u2588\u2588\u2588\u2588\u2588\u2589    | 1.06G/1.79G [04:04<01:03, 12.2MB/s]
 59%|\u2588\u2588\u2588\u2588\u2588\u2589    | 1.06G/1.79G [04:04<01:02, 12.5MB/s]
 60%|\u2588\u2588\u2588\u2588\u2588\u2589    | 1.06G/1.79G [04:04<01:03, 12.2MB/s]
 60%|\u2588\u2588\u2588\u2588\u2588\u2589    | 1.06G/1.79G [04:04<01:05, 11.8MB/s]
 60%|\u2588\u2588\u2588\u2588\u2588\u2589    | 1.07G/1.79G [04:04<01:04, 12.0MB/s]
 60%|\u2588\u2588\u2588\u2588\u2588\u2589    | 1.07G/1.79G [04:04<01:06, 11.7MB/s]
 60%|\u2588\u2588\u2588\u2588\u2588\u2589    | 1.07G/1.79G [04:04<01:03, 12.2MB/s]
 60%|\u2588\u2588\u2588\u2588\u2588\u2589    | 1.07G/1.79G [04:05<01:25, 9.05MB/s]
 60%|\u2588\u2588\u2588\u2588\u2588\u2588    | 1.07G/1.79G [04:05<00:59, 13.0MB/s]
 60%|\u2588\u2588\u2588\u2588\u2588\u2588    | 1.07G/1.79G [04:05<00:58, 13.1MB/s]
 60%|\u2588\u2588\u2588\u2588\u2588\u2588    | 1.07G/1.79G [04:05<01:02, 12.2MB/s]
 60%|\u2588\u2588\u2588\u2588\u2588\u2588    | 1.08G/1.79G [04:05<01:17, 9.88MB/s]
 60%|\u2588\u2588\u2588\u2588\u2588\u2588    | 1.08G/1.79G [04:05<01:01, 12.4MB/s]
 60%|\u2588\u2588\u2588\u2588\u2588\u2588    | 1.08G/1.79G [04:05<00:59, 12.7MB/s]
 61%|\u2588\u2588\u2588\u2588\u2588\u2588    | 1.08G/1.79G [04:05<00:58, 12.9MB/s]
 61%|\u2588\u2588\u2588\u2588\u2588\u2588    | 1.08G/1.79G [04:06<01:04, 11.8MB/s]
 61%|\u2588\u2588\u2588\u2588\u2588\u2588    | 1.08G/1.79G [04:06<01:08, 11.1MB/s]
 61%|\u2588\u2588\u2588\u2588\u2588\u2588    | 1.08G/1.79G [04:06<01:05, 11.5MB/s]
 61%|\u2588\u2588\u2588\u2588\u2588\u2588    | 1.09G/1.79G [04:06<01:10, 10.7MB/s]
 61%|\u2588\u2588\u2588\u2588\u2588\u2588    | 1.09G/1.79G [04:06<01:02, 12.1MB/s]
 61%|\u2588\u2588\u2588\u2588\u2588\u2588    | 1.09G/1.79G [04:06<01:06, 11.3MB/s]
 61%|\u2588\u2588\u2588\u2588\u2588\u2588    | 1.09G/1.79G [04:06<01:03, 11.8MB/s]
 61%|\u2588\u2588\u2588\u2588\u2588\u2588    | 1.09G/1.79G [04:06<01:02, 12.0MB/s]
 61%|\u2588\u2588\u2588\u2588\u2588\u2588    | 1.09G/1.79G [04:07<00:59, 12.5MB/s]
 61%|\u2588\u2588\u2588\u2588\u2588\u2588    | 1.09G/1.79G [04:07<01:00, 12.3MB/s]
 61%|\u2588\u2588\u2588\u2588\u2588\u2588\u258f   | 1.10G/1.79G [04:07<01:00, 12.3MB/s]
 61%|\u2588\u2588\u2588\u2588\u2588\u2588\u258f   | 1.10G/1.79G [04:07<01:04, 11.5MB/s]
 61%|\u2588\u2588\u2588\u2588\u2588\u2588\u258f   | 1.10G/1.79G [04:07<01:00, 12.2MB/s]
 62%|\u2588\u2588\u2588\u2588\u2588\u2588\u258f   | 1.10G/1.79G [04:07<00:59, 12.4MB/s]
 62%|\u2588\u2588\u2588\u2588\u2588\u2588\u258f   | 1.10G/1.79G [04:07<01:00, 12.2MB/s]
 62%|\u2588\u2588\u2588\u2588\u2588\u2588\u258f   | 1.10G/1.79G [04:07<01:04, 11.4MB/s]
 62%|\u2588\u2588\u2588\u2588\u2588\u2588\u258f   | 1.10G/1.79G [04:07<01:03, 11.6MB/s]
 62%|\u2588\u2588\u2588\u2588\u2588\u2588\u258f   | 1.10G/1.79G [04:08<01:00, 12.1MB/s]
 62%|\u2588\u2588\u2588\u2588\u2588\u2588\u258f   | 1.10G/1.79G [04:08<00:59, 12.2MB/s]
 62%|\u2588\u2588\u2588\u2588\u2588\u2588\u258f   | 1.11G/1.79G [04:08<00:58, 12.4MB/s]
 62%|\u2588\u2588\u2588\u2588\u2588\u2588\u258f   | 1.11G/1.79G [04:08<01:02, 11.7MB/s]
 62%|\u2588\u2588\u2588\u2588\u2588\u2588\u258f   | 1.11G/1.79G [04:08<01:06, 11.0MB/s]
 62%|\u2588\u2588\u2588\u2588\u2588\u2588\u258f   | 1.11G/1.79G [04:08<01:01, 11.8MB/s]
 62%|\u2588\u2588\u2588\u2588\u2588\u2588\u258f   | 1.11G/1.79G [04:08<00:57, 12.6MB/s]
 62%|\u2588\u2588\u2588\u2588\u2588\u2588\u258f   | 1.11G/1.79G [04:08<00:57, 12.6MB/s]
 62%|\u2588\u2588\u2588\u2588\u2588\u2588\u258f   | 1.11G/1.79G [04:08<00:58, 12.3MB/s]
 62%|\u2588\u2588\u2588\u2588\u2588\u2588\u258f   | 1.11G/1.79G [04:09<00:59, 12.2MB/s]
 62%|\u2588\u2588\u2588\u2588\u2588\u2588\u258f   | 1.12G/1.79G [04:09<01:03, 11.3MB/s]
 63%|\u2588\u2588\u2588\u2588\u2588\u2588\u258e   | 1.12G/1.79G [04:09<00:57, 12.5MB/s]
 63%|\u2588\u2588\u2588\u2588\u2588\u2588\u258e   | 1.12G/1.79G [04:09<01:00, 11.9MB/s]
 63%|\u2588\u2588\u2588\u2588\u2588\u2588\u258e   | 1.12G/1.79G [04:09<00:59, 12.1MB/s]
 63%|\u2588\u2588\u2588\u2588\u2588\u2588\u258e   | 1.12G/1.79G [04:09<01:01, 11.5MB/s]
 63%|\u2588\u2588\u2588\u2588\u2588\u2588\u258e   | 1.12G/1.79G [04:09<00:58, 12.1MB/s]
 63%|\u2588\u2588\u2588\u2588\u2588\u2588\u258e   | 1.12G/1.79G [04:09<00:55, 12.8MB/s]
 63%|\u2588\u2588\u2588\u2588\u2588\u2588\u258e   | 1.13G/1.79G [04:09<00:56, 12.5MB/s]
 63%|\u2588\u2588\u2588\u2588\u2588\u2588\u258e   | 1.13G/1.79G [04:10<01:02, 11.3MB/s]
 63%|\u2588\u2588\u2588\u2588\u2588\u2588\u258e   | 1.13G/1.79G [04:10<00:57, 12.2MB/s]
 63%|\u2588\u2588\u2588\u2588\u2588\u2588\u258e   | 1.13G/1.79G [04:10<00:59, 11.9MB/s]
 63%|\u2588\u2588\u2588\u2588\u2588\u2588\u258e   | 1.13G/1.79G [04:10<00:57, 12.3MB/s]
 63%|\u2588\u2588\u2588\u2588\u2588\u2588\u258e   | 1.13G/1.79G [04:10<00:58, 12.1MB/s]
 63%|\u2588\u2588\u2588\u2588\u2588\u2588\u258e   | 1.13G/1.79G [04:10<00:58, 12.0MB/s]
 63%|\u2588\u2588\u2588\u2588\u2588\u2588\u258e   | 1.13G/1.79G [04:10<01:01, 11.4MB/s]
 64%|\u2588\u2588\u2588\u2588\u2588\u2588\u258e   | 1.14G/1.79G [04:10<00:58, 12.0MB/s]
 64%|\u2588\u2588\u2588\u2588\u2588\u2588\u258e   | 1.14G/1.79G [04:11<01:02, 11.1MB/s]
 64%|\u2588\u2588\u2588\u2588\u2588\u2588\u258e   | 1.14G/1.79G [04:11<00:57, 12.2MB/s]
 64%|\u2588\u2588\u2588\u2588\u2588\u2588\u258d   | 1.14G/1.79G [04:11<00:57, 12.1MB/s]
 64%|\u2588\u2588\u2588\u2588\u2588\u2588\u258d   | 1.14G/1.79G [04:11<01:00, 11.4MB/s]
 64%|\u2588\u2588\u2588\u2588\u2588\u2588\u258d   | 1.14G/1.79G [04:11<01:04, 10.7MB/s]
 64%|\u2588\u2588\u2588\u2588\u2588\u2588\u258d   | 1.14G/1.79G [04:11<00:55, 12.4MB/s]
 64%|\u2588\u2588\u2588\u2588\u2588\u2588\u258d   | 1.14G/1.79G [04:11<00:56, 12.2MB/s]
 64%|\u2588\u2588\u2588\u2588\u2588\u2588\u258d   | 1.15G/1.79G [04:11<00:55, 12.5MB/s]
 64%|\u2588\u2588\u2588\u2588\u2588\u2588\u258d   | 1.15G/1.79G [04:11<00:55, 12.3MB/s]
 64%|\u2588\u2588\u2588\u2588\u2588\u2588\u258d   | 1.15G/1.79G [04:12<00:57, 11.9MB/s]
 64%|\u2588\u2588\u2588\u2588\u2588\u2588\u258d   | 1.15G/1.79G [04:12<00:57, 11.9MB/s]
 64%|\u2588\u2588\u2588\u2588\u2588\u2588\u258d   | 1.15G/1.79G [04:12<00:58, 11.8MB/s]
 64%|\u2588\u2588\u2588\u2588\u2588\u2588\u258d   | 1.15G/1.79G [04:12<00:58, 11.7MB/s]
 65%|\u2588\u2588\u2588\u2588\u2588\u2588\u258d   | 1.15G/1.79G [04:12<01:01, 11.0MB/s]
 65%|\u2588\u2588\u2588\u2588\u2588\u2588\u258d   | 1.15G/1.79G [04:12<01:02, 10.9MB/s]
 65%|\u2588\u2588\u2588\u2588\u2588\u2588\u258d   | 1.15G/1.79G [04:12<01:05, 10.4MB/s]
 65%|\u2588\u2588\u2588\u2588\u2588\u2588\u258d   | 1.16G/1.79G [04:12<01:05, 10.3MB/s]
 65%|\u2588\u2588\u2588\u2588\u2588\u2588\u258d   | 1.16G/1.79G [04:13<01:36, 7.03MB/s]
 65%|\u2588\u2588\u2588\u2588\u2588\u2588\u258d   | 1.16G/1.79G [04:13<01:01, 10.9MB/s]
 65%|\u2588\u2588\u2588\u2588\u2588\u2588\u258c   | 1.16G/1.79G [04:13<00:48, 13.8MB/s]
 65%|\u2588\u2588\u2588\u2588\u2588\u2588\u258c   | 1.16G/1.79G [04:13<00:52, 12.9MB/s]
 65%|\u2588\u2588\u2588\u2588\u2588\u2588\u258c   | 1.16G/1.79G [04:13<00:52, 12.6MB/s]
 65%|\u2588\u2588\u2588\u2588\u2588\u2588\u258c   | 1.17G/1.79G [04:13<00:53, 12.5MB/s]
 65%|\u2588\u2588\u2588\u2588\u2588\u2588\u258c   | 1.17G/1.79G [04:14<01:17, 8.59MB/s]
 66%|\u2588\u2588\u2588\u2588\u2588\u2588\u258c   | 1.17G/1.79G [04:14<00:53, 12.4MB/s]
 66%|\u2588\u2588\u2588\u2588\u2588\u2588\u258c   | 1.17G/1.79G [04:14<00:54, 12.2MB/s]
 66%|\u2588\u2588\u2588\u2588\u2588\u2588\u258c   | 1.17G/1.79G [04:14<00:54, 12.1MB/s]
 66%|\u2588\u2588\u2588\u2588\u2588\u2588\u258c   | 1.17G/1.79G [04:14<00:54, 12.1MB/s]
 66%|\u2588\u2588\u2588\u2588\u2588\u2588\u258c   | 1.18G/1.79G [04:14<00:54, 12.1MB/s]
 66%|\u2588\u2588\u2588\u2588\u2588\u2588\u258c   | 1.18G/1.79G [04:14<00:54, 12.1MB/s]
 66%|\u2588\u2588\u2588\u2588\u2588\u2588\u258c   | 1.18G/1.79G [04:14<00:54, 12.0MB/s]
 66%|\u2588\u2588\u2588\u2588\u2588\u2588\u258c   | 1.18G/1.79G [04:14<00:54, 12.0MB/s]
 66%|\u2588\u2588\u2588\u2588\u2588\u2588\u258c   | 1.18G/1.79G [04:15<00:53, 12.1MB/s]
 66%|\u2588\u2588\u2588\u2588\u2588\u2588\u258c   | 1.18G/1.79G [04:15<00:53, 12.1MB/s]
 66%|\u2588\u2588\u2588\u2588\u2588\u2588\u258c   | 1.18G/1.79G [04:15<01:00, 10.6MB/s]
 66%|\u2588\u2588\u2588\u2588\u2588\u2588\u258b   | 1.18G/1.79G [04:15<00:52, 12.4MB/s]
 66%|\u2588\u2588\u2588\u2588\u2588\u2588\u258b   | 1.19G/1.79G [04:15<00:54, 11.8MB/s]
 66%|\u2588\u2588\u2588\u2588\u2588\u2588\u258b   | 1.19G/1.79G [04:15<00:54, 11.9MB/s]
 67%|\u2588\u2588\u2588\u2588\u2588\u2588\u258b   | 1.19G/1.79G [04:15<00:54, 11.9MB/s]
 67%|\u2588\u2588\u2588\u2588\u2588\u2588\u258b   | 1.19G/1.79G [04:15<01:03, 10.2MB/s]
 67%|\u2588\u2588\u2588\u2588\u2588\u2588\u258b   | 1.19G/1.79G [04:16<00:52, 12.2MB/s]
 67%|\u2588\u2588\u2588\u2588\u2588\u2588\u258b   | 1.19G/1.79G [04:16<00:50, 12.6MB/s]
 67%|\u2588\u2588\u2588\u2588\u2588\u2588\u258b   | 1.19G/1.79G [04:16<00:51, 12.3MB/s]
 67%|\u2588\u2588\u2588\u2588\u2588\u2588\u258b   | 1.19G/1.79G [04:16<00:51, 12.3MB/s]
 67%|\u2588\u2588\u2588\u2588\u2588\u2588\u258b   | 1.20G/1.79G [04:16<00:52, 12.2MB/s]
 67%|\u2588\u2588\u2588\u2588\u2588\u2588\u258b   | 1.20G/1.79G [04:16<00:56, 11.2MB/s]
 67%|\u2588\u2588\u2588\u2588\u2588\u2588\u258b   | 1.20G/1.79G [04:16<00:49, 12.8MB/s]
 67%|\u2588\u2588\u2588\u2588\u2588\u2588\u258b   | 1.20G/1.79G [04:16<00:50, 12.5MB/s]
 67%|\u2588\u2588\u2588\u2588\u2588\u2588\u258b   | 1.20G/1.79G [04:16<00:59, 10.6MB/s]
 67%|\u2588\u2588\u2588\u2588\u2588\u2588\u258b   | 1.20G/1.79G [04:17<00:50, 12.5MB/s]
 67%|\u2588\u2588\u2588\u2588\u2588\u2588\u258b   | 1.20G/1.79G [04:17<00:53, 11.7MB/s]
 67%|\u2588\u2588\u2588\u2588\u2588\u2588\u258b   | 1.21G/1.79G [04:17<00:57, 10.8MB/s]
 68%|\u2588\u2588\u2588\u2588\u2588\u2588\u258a   | 1.21G/1.79G [04:17<00:56, 11.0MB/s]
 68%|\u2588\u2588\u2588\u2588\u2588\u2588\u258a   | 1.21G/1.79G [04:17<00:57, 10.8MB/s]
 68%|\u2588\u2588\u2588\u2588\u2588\u2588\u258a   | 1.21G/1.79G [04:17<00:52, 11.7MB/s]
 68%|\u2588\u2588\u2588\u2588\u2588\u2588\u258a   | 1.21G/1.79G [04:17<00:52, 11.8MB/s]
 68%|\u2588\u2588\u2588\u2588\u2588\u2588\u258a   | 1.21G/1.79G [04:17<00:52, 11.7MB/s]
 68%|\u2588\u2588\u2588\u2588\u2588\u2588\u258a   | 1.21G/1.79G [04:18<00:53, 11.6MB/s]
 68%|\u2588\u2588\u2588\u2588\u2588\u2588\u258a   | 1.21G/1.79G [04:18<01:01, 10.0MB/s]
 68%|\u2588\u2588\u2588\u2588\u2588\u2588\u258a   | 1.21G/1.79G [04:18<01:00, 10.2MB/s]
 68%|\u2588\u2588\u2588\u2588\u2588\u2588\u258a   | 1.22G/1.79G [04:18<00:48, 12.6MB/s]
 68%|\u2588\u2588\u2588\u2588\u2588\u2588\u258a   | 1.22G/1.79G [04:18<00:48, 12.7MB/s]
 68%|\u2588\u2588\u2588\u2588\u2588\u2588\u258a   | 1.22G/1.79G [04:18<00:49, 12.2MB/s]
 68%|\u2588\u2588\u2588\u2588\u2588\u2588\u258a   | 1.22G/1.79G [04:18<00:50, 12.1MB/s]
 68%|\u2588\u2588\u2588\u2588\u2588\u2588\u258a   | 1.22G/1.79G [04:18<00:52, 11.7MB/s]
 68%|\u2588\u2588\u2588\u2588\u2588\u2588\u258a   | 1.22G/1.79G [04:18<00:49, 12.3MB/s]
 69%|\u2588\u2588\u2588\u2588\u2588\u2588\u258a   | 1.22G/1.79G [04:19<00:55, 10.9MB/s]
 69%|\u2588\u2588\u2588\u2588\u2588\u2588\u258a   | 1.23G/1.79G [04:19<00:49, 12.3MB/s]
 69%|\u2588\u2588\u2588\u2588\u2588\u2588\u258a   | 1.23G/1.79G [04:19<00:47, 12.7MB/s]
 69%|\u2588\u2588\u2588\u2588\u2588\u2588\u2589   | 1.23G/1.79G [04:19<00:46, 12.8MB/s]
 69%|\u2588\u2588\u2588\u2588\u2588\u2588\u2589   | 1.23G/1.79G [04:19<00:48, 12.3MB/s]
 69%|\u2588\u2588\u2588\u2588\u2588\u2588\u2589   | 1.23G/1.79G [04:19<00:46, 12.7MB/s]
 69%|\u2588\u2588\u2588\u2588\u2588\u2588\u2589   | 1.23G/1.79G [04:19<00:48, 12.3MB/s]
 69%|\u2588\u2588\u2588\u2588\u2588\u2588\u2589   | 1.23G/1.79G [04:19<00:48, 12.3MB/s]
 69%|\u2588\u2588\u2588\u2588\u2588\u2588\u2589   | 1.23G/1.79G [04:19<00:48, 12.2MB/s]
 69%|\u2588\u2588\u2588\u2588\u2588\u2588\u2589   | 1.24G/1.79G [04:20<00:48, 12.2MB/s]
 69%|\u2588\u2588\u2588\u2588\u2588\u2588\u2589   | 1.24G/1.79G [04:20<00:48, 12.2MB/s]
 69%|\u2588\u2588\u2588\u2588\u2588\u2588\u2589   | 1.24G/1.79G [04:20<00:53, 11.0MB/s]
 69%|\u2588\u2588\u2588\u2588\u2588\u2588\u2589   | 1.24G/1.79G [04:20<00:49, 11.8MB/s]
 69%|\u2588\u2588\u2588\u2588\u2588\u2588\u2589   | 1.24G/1.79G [04:20<00:52, 11.1MB/s]
 70%|\u2588\u2588\u2588\u2588\u2588\u2588\u2589   | 1.24G/1.79G [04:20<00:46, 12.4MB/s]
 70%|\u2588\u2588\u2588\u2588\u2588\u2588\u2589   | 1.24G/1.79G [04:20<00:49, 11.9MB/s]
 70%|\u2588\u2588\u2588\u2588\u2588\u2588\u2589   | 1.24G/1.79G [04:20<00:49, 11.7MB/s]
 70%|\u2588\u2588\u2588\u2588\u2588\u2588\u2589   | 1.25G/1.79G [04:20<00:45, 12.9MB/s]
 70%|\u2588\u2588\u2588\u2588\u2588\u2588\u2589   | 1.25G/1.79G [04:21<00:54, 10.6MB/s]
 70%|\u2588\u2588\u2588\u2588\u2588\u2588\u2589   | 1.25G/1.79G [04:21<01:13, 7.84MB/s]
 70%|\u2588\u2588\u2588\u2588\u2588\u2588\u2588   | 1.25G/1.79G [04:21<00:41, 13.7MB/s]
 70%|\u2588\u2588\u2588\u2588\u2588\u2588\u2588   | 1.25G/1.79G [04:21<00:59, 9.62MB/s]
 70%|\u2588\u2588\u2588\u2588\u2588\u2588\u2588   | 1.26G/1.79G [04:21<00:48, 11.7MB/s]
 70%|\u2588\u2588\u2588\u2588\u2588\u2588\u2588   | 1.26G/1.79G [04:22<00:38, 14.6MB/s]
 71%|\u2588\u2588\u2588\u2588\u2588\u2588\u2588   | 1.26G/1.79G [04:22<00:40, 14.0MB/s]
 71%|\u2588\u2588\u2588\u2588\u2588\u2588\u2588   | 1.26G/1.79G [04:22<00:40, 13.8MB/s]
 71%|\u2588\u2588\u2588\u2588\u2588\u2588\u2588   | 1.26G/1.79G [04:22<00:46, 12.2MB/s]
 71%|\u2588\u2588\u2588\u2588\u2588\u2588\u2588   | 1.26G/1.79G [04:22<00:45, 12.2MB/s]
 71%|\u2588\u2588\u2588\u2588\u2588\u2588\u2588   | 1.27G/1.79G [04:22<01:03, 8.84MB/s]
 71%|\u2588\u2588\u2588\u2588\u2588\u2588\u2588   | 1.27G/1.79G [04:23<00:42, 13.2MB/s]
 71%|\u2588\u2588\u2588\u2588\u2588\u2588\u2588   | 1.27G/1.79G [04:23<00:42, 13.0MB/s]
 71%|\u2588\u2588\u2588\u2588\u2588\u2588\u2588   | 1.27G/1.79G [04:23<00:43, 12.7MB/s]
 71%|\u2588\u2588\u2588\u2588\u2588\u2588\u2588\u258f  | 1.27G/1.79G [04:23<00:45, 12.1MB/s]
 71%|\u2588\u2588\u2588\u2588\u2588\u2588\u2588\u258f  | 1.27G/1.79G [04:23<00:45, 12.0MB/s]
 71%|\u2588\u2588\u2588\u2588\u2588\u2588\u2588\u258f  | 1.28G/1.79G [04:23<00:46, 11.8MB/s]
 71%|\u2588\u2588\u2588\u2588\u2588\u2588\u2588\u258f  | 1.28G/1.79G [04:23<00:47, 11.5MB/s]
 72%|\u2588\u2588\u2588\u2588\u2588\u2588\u2588\u258f  | 1.28G/1.79G [04:23<00:43, 12.5MB/s]
 72%|\u2588\u2588\u2588\u2588\u2588\u2588\u2588\u258f  | 1.28G/1.79G [04:23<00:43, 12.6MB/s]
 72%|\u2588\u2588\u2588\u2588\u2588\u2588\u2588\u258f  | 1.28G/1.79G [04:24<00:43, 12.4MB/s]
 72%|\u2588\u2588\u2588\u2588\u2588\u2588\u2588\u258f  | 1.28G/1.79G [04:24<00:44, 12.3MB/s]
 72%|\u2588\u2588\u2588\u2588\u2588\u2588\u2588\u258f  | 1.28G/1.79G [04:24<00:43, 12.5MB/s]
 72%|\u2588\u2588\u2588\u2588\u2588\u2588\u2588\u258f  | 1.28G/1.79G [04:24<00:43, 12.4MB/s]
 72%|\u2588\u2588\u2588\u2588\u2588\u2588\u2588\u258f  | 1.28G/1.79G [04:24<00:46, 11.5MB/s]
 72%|\u2588\u2588\u2588\u2588\u2588\u2588\u2588\u258f  | 1.29G/1.79G [04:24<00:48, 11.1MB/s]
 72%|\u2588\u2588\u2588\u2588\u2588\u2588\u2588\u258f  | 1.29G/1.79G [04:24<00:50, 10.6MB/s]
 72%|\u2588\u2588\u2588\u2588\u2588\u2588\u2588\u258f  | 1.29G/1.79G [04:24<00:43, 12.3MB/s]
 72%|\u2588\u2588\u2588\u2588\u2588\u2588\u2588\u258f  | 1.29G/1.79G [04:24<00:44, 12.0MB/s]
 72%|\u2588\u2588\u2588\u2588\u2588\u2588\u2588\u258f  | 1.29G/1.79G [04:25<00:44, 12.0MB/s]
 72%|\u2588\u2588\u2588\u2588\u2588\u2588\u2588\u258f  | 1.29G/1.79G [04:25<00:42, 12.5MB/s]
 72%|\u2588\u2588\u2588\u2588\u2588\u2588\u2588\u258f  | 1.29G/1.79G [04:25<00:41, 12.6MB/s]
 73%|\u2588\u2588\u2588\u2588\u2588\u2588\u2588\u258e  | 1.29G/1.79G [04:25<00:42, 12.3MB/s]
 73%|\u2588\u2588\u2588\u2588\u2588\u2588\u2588\u258e  | 1.30G/1.79G [04:25<00:44, 11.8MB/s]
 73%|\u2588\u2588\u2588\u2588\u2588\u2588\u2588\u258e  | 1.30G/1.79G [04:25<00:41, 12.5MB/s]
 73%|\u2588\u2588\u2588\u2588\u2588\u2588\u2588\u258e  | 1.30G/1.79G [04:25<00:43, 12.1MB/s]
 73%|\u2588\u2588\u2588\u2588\u2588\u2588\u2588\u258e  | 1.30G/1.79G [04:25<00:46, 11.1MB/s]
 73%|\u2588\u2588\u2588\u2588\u2588\u2588\u2588\u258e  | 1.30G/1.79G [04:25<00:47, 10.9MB/s]
 73%|\u2588\u2588\u2588\u2588\u2588\u2588\u2588\u258e  | 1.30G/1.79G [04:26<00:43, 12.0MB/s]
 73%|\u2588\u2588\u2588\u2588\u2588\u2588\u2588\u258e  | 1.30G/1.79G [04:26<00:50, 10.3MB/s]
 73%|\u2588\u2588\u2588\u2588\u2588\u2588\u2588\u258e  | 1.31G/1.79G [04:26<00:39, 12.9MB/s]
 73%|\u2588\u2588\u2588\u2588\u2588\u2588\u2588\u258e  | 1.31G/1.79G [04:26<00:49, 10.5MB/s]
 73%|\u2588\u2588\u2588\u2588\u2588\u2588\u2588\u258e  | 1.31G/1.79G [04:26<00:41, 12.4MB/s]
 73%|\u2588\u2588\u2588\u2588\u2588\u2588\u2588\u258e  | 1.31G/1.79G [04:26<00:40, 12.7MB/s]
 73%|\u2588\u2588\u2588\u2588\u2588\u2588\u2588\u258e  | 1.31G/1.79G [04:26<00:41, 12.2MB/s]
 73%|\u2588\u2588\u2588\u2588\u2588\u2588\u2588\u258e  | 1.31G/1.79G [04:27<00:43, 11.7MB/s]
 74%|\u2588\u2588\u2588\u2588\u2588\u2588\u2588\u258e  | 1.31G/1.79G [04:27<00:45, 11.0MB/s]
 74%|\u2588\u2588\u2588\u2588\u2588\u2588\u2588\u258e  | 1.31G/1.79G [04:27<00:45, 11.0MB/s]
 74%|\u2588\u2588\u2588\u2588\u2588\u2588\u2588\u258e  | 1.32G/1.79G [04:27<01:06, 7.57MB/s]
 74%|\u2588\u2588\u2588\u2588\u2588\u2588\u2588\u258d  | 1.32G/1.79G [04:27<00:39, 12.6MB/s]
 74%|\u2588\u2588\u2588\u2588\u2588\u2588\u2588\u258d  | 1.32G/1.79G [04:27<00:39, 12.6MB/s]
 74%|\u2588\u2588\u2588\u2588\u2588\u2588\u2588\u258d  | 1.32G/1.79G [04:28<00:58, 8.59MB/s]
 74%|\u2588\u2588\u2588\u2588\u2588\u2588\u2588\u258d  | 1.32G/1.79G [04:28<00:50, 9.94MB/s]
 74%|\u2588\u2588\u2588\u2588\u2588\u2588\u2588\u258d  | 1.32G/1.79G [04:28<00:42, 11.6MB/s]
 74%|\u2588\u2588\u2588\u2588\u2588\u2588\u2588\u258d  | 1.33G/1.79G [04:28<00:37, 13.0MB/s]
 74%|\u2588\u2588\u2588\u2588\u2588\u2588\u2588\u258d  | 1.33G/1.79G [04:28<00:37, 13.2MB/s]
 74%|\u2588\u2588\u2588\u2588\u2588\u2588\u2588\u258d  | 1.33G/1.79G [04:28<00:37, 13.1MB/s]
 75%|\u2588\u2588\u2588\u2588\u2588\u2588\u2588\u258d  | 1.33G/1.79G [04:28<00:38, 12.8MB/s]
 75%|\u2588\u2588\u2588\u2588\u2588\u2588\u2588\u258d  | 1.33G/1.79G [04:28<00:36, 13.2MB/s]
 75%|\u2588\u2588\u2588\u2588\u2588\u2588\u2588\u258d  | 1.33G/1.79G [04:29<00:45, 10.7MB/s]
 75%|\u2588\u2588\u2588\u2588\u2588\u2588\u2588\u258d  | 1.34G/1.79G [04:29<00:36, 13.1MB/s]
 75%|\u2588\u2588\u2588\u2588\u2588\u2588\u2588\u258d  | 1.34G/1.79G [04:29<00:39, 12.3MB/s]
 75%|\u2588\u2588\u2588\u2588\u2588\u2588\u2588\u258d  | 1.34G/1.79G [04:29<00:36, 13.0MB/s]
 75%|\u2588\u2588\u2588\u2588\u2588\u2588\u2588\u258c  | 1.34G/1.79G [04:29<00:40, 11.7MB/s]
 75%|\u2588\u2588\u2588\u2588\u2588\u2588\u2588\u258c  | 1.34G/1.79G [04:29<00:50, 9.40MB/s]
 75%|\u2588\u2588\u2588\u2588\u2588\u2588\u2588\u258c  | 1.34G/1.79G [04:29<00:36, 12.8MB/s]
 75%|\u2588\u2588\u2588\u2588\u2588\u2588\u2588\u258c  | 1.35G/1.79G [04:30<00:55, 8.55MB/s]
 76%|\u2588\u2588\u2588\u2588\u2588\u2588\u2588\u258c  | 1.35G/1.79G [04:30<00:37, 12.5MB/s]
 76%|\u2588\u2588\u2588\u2588\u2588\u2588\u2588\u258c  | 1.35G/1.79G [04:30<00:36, 12.9MB/s]
 76%|\u2588\u2588\u2588\u2588\u2588\u2588\u2588\u258c  | 1.35G/1.79G [04:30<00:37, 12.4MB/s]
 76%|\u2588\u2588\u2588\u2588\u2588\u2588\u2588\u258c  | 1.35G/1.79G [04:31<00:50, 9.25MB/s]
 76%|\u2588\u2588\u2588\u2588\u2588\u2588\u2588\u258c  | 1.36G/1.79G [04:31<00:35, 12.8MB/s]
 76%|\u2588\u2588\u2588\u2588\u2588\u2588\u2588\u258c  | 1.36G/1.79G [04:31<00:35, 13.0MB/s]
 76%|\u2588\u2588\u2588\u2588\u2588\u2588\u2588\u258c  | 1.36G/1.79G [04:31<00:36, 12.4MB/s]
 76%|\u2588\u2588\u2588\u2588\u2588\u2588\u2588\u258c  | 1.36G/1.79G [04:31<00:40, 11.4MB/s]
 76%|\u2588\u2588\u2588\u2588\u2588\u2588\u2588\u258b  | 1.36G/1.79G [04:31<00:38, 11.8MB/s]
 76%|\u2588\u2588\u2588\u2588\u2588\u2588\u2588\u258b  | 1.36G/1.79G [04:31<00:36, 12.5MB/s]
 76%|\u2588\u2588\u2588\u2588\u2588\u2588\u2588\u258b  | 1.36G/1.79G [04:31<00:35, 12.7MB/s]
 76%|\u2588\u2588\u2588\u2588\u2588\u2588\u2588\u258b  | 1.37G/1.79G [04:31<00:36, 12.5MB/s]
 77%|\u2588\u2588\u2588\u2588\u2588\u2588\u2588\u258b  | 1.37G/1.79G [04:32<00:36, 12.3MB/s]
 77%|\u2588\u2588\u2588\u2588\u2588\u2588\u2588\u258b  | 1.37G/1.79G [04:32<00:39, 11.5MB/s]
 77%|\u2588\u2588\u2588\u2588\u2588\u2588\u2588\u258b  | 1.37G/1.79G [04:32<00:36, 12.1MB/s]
 77%|\u2588\u2588\u2588\u2588\u2588\u2588\u2588\u258b  | 1.37G/1.79G [04:32<00:35, 12.4MB/s]
 77%|\u2588\u2588\u2588\u2588\u2588\u2588\u2588\u258b  | 1.37G/1.79G [04:32<00:36, 12.2MB/s]
 77%|\u2588\u2588\u2588\u2588\u2588\u2588\u2588\u258b  | 1.37G/1.79G [04:32<00:37, 11.8MB/s]
 77%|\u2588\u2588\u2588\u2588\u2588\u2588\u2588\u258b  | 1.37G/1.79G [04:32<00:39, 11.2MB/s]
 77%|\u2588\u2588\u2588\u2588\u2588\u2588\u2588\u258b  | 1.38G/1.79G [04:32<00:32, 13.4MB/s]
 77%|\u2588\u2588\u2588\u2588\u2588\u2588\u2588\u258b  | 1.38G/1.79G [04:32<00:34, 12.6MB/s]
 77%|\u2588\u2588\u2588\u2588\u2588\u2588\u2588\u258b  | 1.38G/1.79G [04:33<00:37, 11.5MB/s]
 77%|\u2588\u2588\u2588\u2588\u2588\u2588\u2588\u258b  | 1.38G/1.79G [04:33<00:35, 12.1MB/s]
 77%|\u2588\u2588\u2588\u2588\u2588\u2588\u2588\u258b  | 1.38G/1.79G [04:33<00:42, 10.1MB/s]
 77%|\u2588\u2588\u2588\u2588\u2588\u2588\u2588\u258b  | 1.38G/1.79G [04:33<00:34, 12.7MB/s]
 78%|\u2588\u2588\u2588\u2588\u2588\u2588\u2588\u258a  | 1.38G/1.79G [04:33<00:34, 12.6MB/s]
 78%|\u2588\u2588\u2588\u2588\u2588\u2588\u2588\u258a  | 1.39G/1.79G [04:33<00:35, 12.2MB/s]
 78%|\u2588\u2588\u2588\u2588\u2588\u2588\u2588\u258a  | 1.39G/1.79G [04:33<00:34, 12.5MB/s]
 78%|\u2588\u2588\u2588\u2588\u2588\u2588\u2588\u258a  | 1.39G/1.79G [04:33<00:33, 12.7MB/s]
 78%|\u2588\u2588\u2588\u2588\u2588\u2588\u2588\u258a  | 1.39G/1.79G [04:34<00:38, 10.9MB/s]
 78%|\u2588\u2588\u2588\u2588\u2588\u2588\u2588\u258a  | 1.39G/1.79G [04:34<00:53, 7.87MB/s]
 78%|\u2588\u2588\u2588\u2588\u2588\u2588\u2588\u258a  | 1.39G/1.79G [04:34<00:31, 13.2MB/s]
 78%|\u2588\u2588\u2588\u2588\u2588\u2588\u2588\u258a  | 1.40G/1.79G [04:34<00:32, 12.7MB/s]
 78%|\u2588\u2588\u2588\u2588\u2588\u2588\u2588\u258a  | 1.40G/1.79G [04:34<00:33, 12.5MB/s]
 78%|\u2588\u2588\u2588\u2588\u2588\u2588\u2588\u258a  | 1.40G/1.79G [04:34<00:33, 12.6MB/s]
 78%|\u2588\u2588\u2588\u2588\u2588\u2588\u2588\u258a  | 1.40G/1.79G [04:35<00:33, 12.2MB/s]
 78%|\u2588\u2588\u2588\u2588\u2588\u2588\u2588\u258a  | 1.40G/1.79G [04:35<00:33, 12.5MB/s]
 79%|\u2588\u2588\u2588\u2588\u2588\u2588\u2588\u258a  | 1.40G/1.79G [04:35<00:31, 12.9MB/s]
 79%|\u2588\u2588\u2588\u2588\u2588\u2588\u2588\u258a  | 1.40G/1.79G [04:35<00:33, 12.1MB/s]
 79%|\u2588\u2588\u2588\u2588\u2588\u2588\u2588\u258a  | 1.40G/1.79G [04:35<00:34, 11.8MB/s]
 79%|\u2588\u2588\u2588\u2588\u2588\u2588\u2588\u258a  | 1.41G/1.79G [04:35<00:38, 10.6MB/s]
 79%|\u2588\u2588\u2588\u2588\u2588\u2588\u2588\u2589  | 1.41G/1.79G [04:35<00:34, 11.9MB/s]
 79%|\u2588\u2588\u2588\u2588\u2588\u2588\u2588\u2589  | 1.41G/1.79G [04:35<00:33, 12.2MB/s]
 79%|\u2588\u2588\u2588\u2588\u2588\u2588\u2588\u2589  | 1.41G/1.79G [04:35<00:32, 12.3MB/s]
 79%|\u2588\u2588\u2588\u2588\u2588\u2588\u2588\u2589  | 1.41G/1.79G [04:36<00:48, 8.28MB/s]
 79%|\u2588\u2588\u2588\u2588\u2588\u2588\u2588\u2589  | 1.41G/1.79G [04:36<00:33, 11.8MB/s]
 79%|\u2588\u2588\u2588\u2588\u2588\u2588\u2588\u2589  | 1.42G/1.79G [04:36<00:44, 9.05MB/s]
 79%|\u2588\u2588\u2588\u2588\u2588\u2588\u2588\u2589  | 1.42G/1.79G [04:36<00:35, 11.2MB/s]
 79%|\u2588\u2588\u2588\u2588\u2588\u2588\u2588\u2589  | 1.42G/1.79G [04:36<00:28, 13.9MB/s]
 80%|\u2588\u2588\u2588\u2588\u2588\u2588\u2588\u2589  | 1.42G/1.79G [04:37<00:41, 9.38MB/s]
 80%|\u2588\u2588\u2588\u2588\u2588\u2588\u2588\u2589  | 1.42G/1.79G [04:37<00:31, 12.2MB/s]
 80%|\u2588\u2588\u2588\u2588\u2588\u2588\u2588\u2589  | 1.43G/1.79G [04:37<00:27, 14.2MB/s]
 80%|\u2588\u2588\u2588\u2588\u2588\u2588\u2588\u2589  | 1.43G/1.79G [04:37<00:38, 9.97MB/s]
 80%|\u2588\u2588\u2588\u2588\u2588\u2588\u2588\u2588  | 1.43G/1.79G [04:37<00:27, 13.9MB/s]
 80%|\u2588\u2588\u2588\u2588\u2588\u2588\u2588\u2588  | 1.43G/1.79G [04:37<00:28, 13.5MB/s]
 80%|\u2588\u2588\u2588\u2588\u2588\u2588\u2588\u2588  | 1.43G/1.79G [04:38<00:40, 9.36MB/s]
 80%|\u2588\u2588\u2588\u2588\u2588\u2588\u2588\u2588  | 1.44G/1.79G [04:38<00:33, 11.2MB/s]
 81%|\u2588\u2588\u2588\u2588\u2588\u2588\u2588\u2588  | 1.44G/1.79G [04:38<00:27, 13.6MB/s]
 81%|\u2588\u2588\u2588\u2588\u2588\u2588\u2588\u2588  | 1.44G/1.79G [04:38<00:28, 13.0MB/s]
 81%|\u2588\u2588\u2588\u2588\u2588\u2588\u2588\u2588  | 1.44G/1.79G [04:38<00:27, 13.2MB/s]
 81%|\u2588\u2588\u2588\u2588\u2588\u2588\u2588\u2588  | 1.44G/1.79G [04:38<00:29, 12.3MB/s]
 81%|\u2588\u2588\u2588\u2588\u2588\u2588\u2588\u2588  | 1.44G/1.79G [04:39<00:28, 12.7MB/s]
 81%|\u2588\u2588\u2588\u2588\u2588\u2588\u2588\u2588  | 1.45G/1.79G [04:39<00:30, 12.1MB/s]
 81%|\u2588\u2588\u2588\u2588\u2588\u2588\u2588\u2588  | 1.45G/1.79G [04:39<00:30, 11.8MB/s]
 81%|\u2588\u2588\u2588\u2588\u2588\u2588\u2588\u2588  | 1.45G/1.79G [04:39<00:28, 12.6MB/s]
 81%|\u2588\u2588\u2588\u2588\u2588\u2588\u2588\u2588  | 1.45G/1.79G [04:39<00:29, 12.3MB/s]
 81%|\u2588\u2588\u2588\u2588\u2588\u2588\u2588\u2588  | 1.45G/1.79G [04:39<00:29, 12.4MB/s]
 81%|\u2588\u2588\u2588\u2588\u2588\u2588\u2588\u2588\u258f | 1.45G/1.79G [04:39<00:28, 12.6MB/s]
 81%|\u2588\u2588\u2588\u2588\u2588\u2588\u2588\u2588\u258f | 1.45G/1.79G [04:39<00:30, 11.5MB/s]
 81%|\u2588\u2588\u2588\u2588\u2588\u2588\u2588\u2588\u258f | 1.46G/1.79G [04:39<00:27, 12.8MB/s]
 82%|\u2588\u2588\u2588\u2588\u2588\u2588\u2588\u2588\u258f | 1.46G/1.79G [04:40<00:28, 12.4MB/s]
 82%|\u2588\u2588\u2588\u2588\u2588\u2588\u2588\u2588\u258f | 1.46G/1.79G [04:40<00:30, 11.6MB/s]
 82%|\u2588\u2588\u2588\u2588\u2588\u2588\u2588\u2588\u258f | 1.46G/1.79G [04:40<00:29, 12.1MB/s]
 82%|\u2588\u2588\u2588\u2588\u2588\u2588\u2588\u2588\u258f | 1.46G/1.79G [04:40<00:28, 12.4MB/s]
 82%|\u2588\u2588\u2588\u2588\u2588\u2588\u2588\u2588\u258f | 1.46G/1.79G [04:40<00:28, 12.4MB/s]
 82%|\u2588\u2588\u2588\u2588\u2588\u2588\u2588\u2588\u258f | 1.46G/1.79G [04:40<00:30, 11.6MB/s]
 82%|\u2588\u2588\u2588\u2588\u2588\u2588\u2588\u2588\u258f | 1.46G/1.79G [04:40<00:30, 11.2MB/s]
 82%|\u2588\u2588\u2588\u2588\u2588\u2588\u2588\u2588\u258f | 1.46G/1.79G [04:40<00:29, 11.6MB/s]
 82%|\u2588\u2588\u2588\u2588\u2588\u2588\u2588\u2588\u258f | 1.47G/1.79G [04:41<00:29, 11.6MB/s]
 82%|\u2588\u2588\u2588\u2588\u2588\u2588\u2588\u2588\u258f | 1.47G/1.79G [04:41<00:30, 11.3MB/s]
 82%|\u2588\u2588\u2588\u2588\u2588\u2588\u2588\u2588\u258f | 1.47G/1.79G [04:41<00:30, 11.4MB/s]
 82%|\u2588\u2588\u2588\u2588\u2588\u2588\u2588\u2588\u258f | 1.47G/1.79G [04:41<00:29, 11.4MB/s]
 82%|\u2588\u2588\u2588\u2588\u2588\u2588\u2588\u2588\u258f | 1.47G/1.79G [04:41<00:43, 7.82MB/s]
 82%|\u2588\u2588\u2588\u2588\u2588\u2588\u2588\u2588\u258f | 1.47G/1.79G [04:41<00:26, 12.7MB/s]
 83%|\u2588\u2588\u2588\u2588\u2588\u2588\u2588\u2588\u258e | 1.47G/1.79G [04:41<00:27, 12.1MB/s]
 83%|\u2588\u2588\u2588\u2588\u2588\u2588\u2588\u2588\u258e | 1.48G/1.79G [04:41<00:28, 11.6MB/s]
 83%|\u2588\u2588\u2588\u2588\u2588\u2588\u2588\u2588\u258e | 1.48G/1.79G [04:42<00:27, 11.9MB/s]
 83%|\u2588\u2588\u2588\u2588\u2588\u2588\u2588\u2588\u258e | 1.48G/1.79G [04:42<00:29, 11.4MB/s]
 83%|\u2588\u2588\u2588\u2588\u2588\u2588\u2588\u2588\u258e | 1.48G/1.79G [04:42<00:26, 12.2MB/s]
 83%|\u2588\u2588\u2588\u2588\u2588\u2588\u2588\u2588\u258e | 1.48G/1.79G [04:42<00:31, 10.5MB/s]
 83%|\u2588\u2588\u2588\u2588\u2588\u2588\u2588\u2588\u258e | 1.48G/1.79G [04:42<00:32, 10.1MB/s]
 83%|\u2588\u2588\u2588\u2588\u2588\u2588\u2588\u2588\u258e | 1.48G/1.79G [04:42<00:24, 13.3MB/s]
 83%|\u2588\u2588\u2588\u2588\u2588\u2588\u2588\u2588\u258e | 1.49G/1.79G [04:42<00:24, 13.0MB/s]
 83%|\u2588\u2588\u2588\u2588\u2588\u2588\u2588\u2588\u258e | 1.49G/1.79G [04:42<00:24, 12.9MB/s]
 83%|\u2588\u2588\u2588\u2588\u2588\u2588\u2588\u2588\u258e | 1.49G/1.79G [04:43<00:25, 12.7MB/s]
 83%|\u2588\u2588\u2588\u2588\u2588\u2588\u2588\u2588\u258e | 1.49G/1.79G [04:43<00:25, 12.3MB/s]
 83%|\u2588\u2588\u2588\u2588\u2588\u2588\u2588\u2588\u258e | 1.49G/1.79G [04:43<00:26, 11.9MB/s]
 84%|\u2588\u2588\u2588\u2588\u2588\u2588\u2588\u2588\u258e | 1.49G/1.79G [04:43<00:26, 11.9MB/s]
 84%|\u2588\u2588\u2588\u2588\u2588\u2588\u2588\u2588\u258e | 1.49G/1.79G [04:43<00:28, 11.1MB/s]
 84%|\u2588\u2588\u2588\u2588\u2588\u2588\u2588\u2588\u258e | 1.49G/1.79G [04:43<00:28, 11.0MB/s]
 84%|\u2588\u2588\u2588\u2588\u2588\u2588\u2588\u2588\u258e | 1.50G/1.79G [04:43<00:28, 10.9MB/s]
 84%|\u2588\u2588\u2588\u2588\u2588\u2588\u2588\u2588\u258d | 1.50G/1.79G [04:43<00:30, 10.0MB/s]
 84%|\u2588\u2588\u2588\u2588\u2588\u2588\u2588\u2588\u258d | 1.50G/1.79G [04:43<00:24, 12.6MB/s]
 84%|\u2588\u2588\u2588\u2588\u2588\u2588\u2588\u2588\u258d | 1.50G/1.79G [04:44<00:25, 12.0MB/s]
 84%|\u2588\u2588\u2588\u2588\u2588\u2588\u2588\u2588\u258d | 1.50G/1.79G [04:44<00:25, 11.9MB/s]
 84%|\u2588\u2588\u2588\u2588\u2588\u2588\u2588\u2588\u258d | 1.50G/1.79G [04:44<00:28, 10.7MB/s]
 84%|\u2588\u2588\u2588\u2588\u2588\u2588\u2588\u2588\u258d | 1.50G/1.79G [04:44<00:25, 12.1MB/s]
 84%|\u2588\u2588\u2588\u2588\u2588\u2588\u2588\u2588\u258d | 1.50G/1.79G [04:44<00:25, 11.9MB/s]
 84%|\u2588\u2588\u2588\u2588\u2588\u2588\u2588\u2588\u258d | 1.51G/1.79G [04:44<00:25, 12.0MB/s]
 84%|\u2588\u2588\u2588\u2588\u2588\u2588\u2588\u2588\u258d | 1.51G/1.79G [04:44<00:24, 12.1MB/s]
 84%|\u2588\u2588\u2588\u2588\u2588\u2588\u2588\u2588\u258d | 1.51G/1.79G [04:44<00:24, 12.0MB/s]
 84%|\u2588\u2588\u2588\u2588\u2588\u2588\u2588\u2588\u258d | 1.51G/1.79G [04:44<00:25, 11.9MB/s]
 85%|\u2588\u2588\u2588\u2588\u2588\u2588\u2588\u2588\u258d | 1.51G/1.79G [04:45<00:25, 11.7MB/s]
 85%|\u2588\u2588\u2588\u2588\u2588\u2588\u2588\u2588\u258d | 1.51G/1.79G [04:45<00:26, 11.3MB/s]
 85%|\u2588\u2588\u2588\u2588\u2588\u2588\u2588\u2588\u258d | 1.51G/1.79G [04:45<00:29, 9.81MB/s]
 85%|\u2588\u2588\u2588\u2588\u2588\u2588\u2588\u2588\u258d | 1.51G/1.79G [04:45<00:23, 12.4MB/s]
 85%|\u2588\u2588\u2588\u2588\u2588\u2588\u2588\u2588\u258d | 1.52G/1.79G [04:45<00:23, 12.6MB/s]
 85%|\u2588\u2588\u2588\u2588\u2588\u2588\u2588\u2588\u258d | 1.52G/1.79G [04:45<00:23, 12.1MB/s]
 85%|\u2588\u2588\u2588\u2588\u2588\u2588\u2588\u2588\u258d | 1.52G/1.79G [04:45<00:23, 12.0MB/s]
 85%|\u2588\u2588\u2588\u2588\u2588\u2588\u2588\u2588\u258c | 1.52G/1.79G [04:45<00:23, 12.0MB/s]
 85%|\u2588\u2588\u2588\u2588\u2588\u2588\u2588\u2588\u258c | 1.52G/1.79G [04:46<00:23, 12.3MB/s]
 85%|\u2588\u2588\u2588\u2588\u2588\u2588\u2588\u2588\u258c | 1.52G/1.79G [04:46<00:24, 11.5MB/s]
 85%|\u2588\u2588\u2588\u2588\u2588\u2588\u2588\u2588\u258c | 1.52G/1.79G [04:46<00:26, 10.9MB/s]
 85%|\u2588\u2588\u2588\u2588\u2588\u2588\u2588\u2588\u258c | 1.52G/1.79G [04:46<00:23, 11.9MB/s]
 85%|\u2588\u2588\u2588\u2588\u2588\u2588\u2588\u2588\u258c | 1.53G/1.79G [04:46<00:23, 11.9MB/s]
 85%|\u2588\u2588\u2588\u2588\u2588\u2588\u2588\u2588\u258c | 1.53G/1.79G [04:46<00:23, 11.9MB/s]
 86%|\u2588\u2588\u2588\u2588\u2588\u2588\u2588\u2588\u258c | 1.53G/1.79G [04:46<00:23, 11.9MB/s]
 86%|\u2588\u2588\u2588\u2588\u2588\u2588\u2588\u2588\u258c | 1.53G/1.79G [04:46<00:22, 12.1MB/s]
 86%|\u2588\u2588\u2588\u2588\u2588\u2588\u2588\u2588\u258c | 1.53G/1.79G [04:47<00:31, 8.61MB/s]
 86%|\u2588\u2588\u2588\u2588\u2588\u2588\u2588\u2588\u258c | 1.53G/1.79G [04:47<00:21, 12.5MB/s]
 86%|\u2588\u2588\u2588\u2588\u2588\u2588\u2588\u2588\u258c | 1.53G/1.79G [04:47<00:21, 12.7MB/s]
 86%|\u2588\u2588\u2588\u2588\u2588\u2588\u2588\u2588\u258c | 1.54G/1.79G [04:47<00:21, 12.8MB/s]
 86%|\u2588\u2588\u2588\u2588\u2588\u2588\u2588\u2588\u258c | 1.54G/1.79G [04:47<00:25, 10.6MB/s]
 86%|\u2588\u2588\u2588\u2588\u2588\u2588\u2588\u2588\u258c | 1.54G/1.79G [04:47<00:22, 11.9MB/s]
 86%|\u2588\u2588\u2588\u2588\u2588\u2588\u2588\u2588\u258c | 1.54G/1.79G [04:47<00:22, 11.7MB/s]
 86%|\u2588\u2588\u2588\u2588\u2588\u2588\u2588\u2588\u258c | 1.54G/1.79G [04:47<00:22, 11.6MB/s]
 86%|\u2588\u2588\u2588\u2588\u2588\u2588\u2588\u2588\u258b | 1.54G/1.79G [04:47<00:21, 12.4MB/s]
 86%|\u2588\u2588\u2588\u2588\u2588\u2588\u2588\u2588\u258b | 1.54G/1.79G [04:48<00:23, 11.3MB/s]
 86%|\u2588\u2588\u2588\u2588\u2588\u2588\u2588\u2588\u258b | 1.54G/1.79G [04:48<00:27, 9.45MB/s]
 87%|\u2588\u2588\u2588\u2588\u2588\u2588\u2588\u2588\u258b | 1.55G/1.79G [04:48<00:23, 10.8MB/s]
 87%|\u2588\u2588\u2588\u2588\u2588\u2588\u2588\u2588\u258b | 1.55G/1.79G [04:48<00:18, 13.6MB/s]
 87%|\u2588\u2588\u2588\u2588\u2588\u2588\u2588\u2588\u258b | 1.55G/1.79G [04:48<00:19, 13.2MB/s]
 87%|\u2588\u2588\u2588\u2588\u2588\u2588\u2588\u2588\u258b | 1.55G/1.79G [04:48<00:19, 13.0MB/s]
 87%|\u2588\u2588\u2588\u2588\u2588\u2588\u2588\u2588\u258b | 1.55G/1.79G [04:48<00:20, 12.5MB/s]
 87%|\u2588\u2588\u2588\u2588\u2588\u2588\u2588\u2588\u258b | 1.55G/1.79G [04:49<00:19, 12.5MB/s]
 87%|\u2588\u2588\u2588\u2588\u2588\u2588\u2588\u2588\u258b | 1.55G/1.79G [04:49<00:20, 12.3MB/s]
 87%|\u2588\u2588\u2588\u2588\u2588\u2588\u2588\u2588\u258b | 1.56G/1.79G [04:49<00:20, 12.3MB/s]
 87%|\u2588\u2588\u2588\u2588\u2588\u2588\u2588\u2588\u258b | 1.56G/1.79G [04:49<00:32, 7.60MB/s]
 87%|\u2588\u2588\u2588\u2588\u2588\u2588\u2588\u2588\u258b | 1.56G/1.79G [04:49<00:19, 12.4MB/s]
 87%|\u2588\u2588\u2588\u2588\u2588\u2588\u2588\u2588\u258b | 1.56G/1.79G [04:49<00:20, 11.5MB/s]
 88%|\u2588\u2588\u2588\u2588\u2588\u2588\u2588\u2588\u258a | 1.56G/1.79G [04:50<00:22, 10.4MB/s]
 88%|\u2588\u2588\u2588\u2588\u2588\u2588\u2588\u2588\u258a | 1.56G/1.79G [04:50<00:23, 10.2MB/s]
 88%|\u2588\u2588\u2588\u2588\u2588\u2588\u2588\u2588\u258a | 1.57G/1.79G [04:50<00:23, 10.2MB/s]
 88%|\u2588\u2588\u2588\u2588\u2588\u2588\u2588\u2588\u258a | 1.57G/1.79G [04:50<00:23, 10.1MB/s]
 88%|\u2588\u2588\u2588\u2588\u2588\u2588\u2588\u2588\u258a | 1.57G/1.79G [04:50<00:22, 10.4MB/s]
 88%|\u2588\u2588\u2588\u2588\u2588\u2588\u2588\u2588\u258a | 1.57G/1.79G [04:50<00:31, 7.50MB/s]
 88%|\u2588\u2588\u2588\u2588\u2588\u2588\u2588\u2588\u258a | 1.57G/1.79G [04:50<00:19, 11.8MB/s]
 88%|\u2588\u2588\u2588\u2588\u2588\u2588\u2588\u2588\u258a | 1.57G/1.79G [04:50<00:18, 12.5MB/s]
 88%|\u2588\u2588\u2588\u2588\u2588\u2588\u2588\u2588\u258a | 1.57G/1.79G [04:51<00:18, 12.4MB/s]
 88%|\u2588\u2588\u2588\u2588\u2588\u2588\u2588\u2588\u258a | 1.58G/1.79G [04:51<00:19, 11.8MB/s]
 88%|\u2588\u2588\u2588\u2588\u2588\u2588\u2588\u2588\u258a | 1.58G/1.79G [04:51<00:19, 11.6MB/s]
 88%|\u2588\u2588\u2588\u2588\u2588\u2588\u2588\u2588\u258a | 1.58G/1.79G [04:51<00:18, 11.9MB/s]
 88%|\u2588\u2588\u2588\u2588\u2588\u2588\u2588\u2588\u258a | 1.58G/1.79G [04:51<00:21, 10.1MB/s]
 89%|\u2588\u2588\u2588\u2588\u2588\u2588\u2588\u2588\u258a | 1.58G/1.79G [04:51<00:17, 12.3MB/s]
 89%|\u2588\u2588\u2588\u2588\u2588\u2588\u2588\u2588\u258a | 1.58G/1.79G [04:51<00:18, 11.7MB/s]
 89%|\u2588\u2588\u2588\u2588\u2588\u2588\u2588\u2588\u258a | 1.58G/1.79G [04:51<00:18, 12.0MB/s]
 89%|\u2588\u2588\u2588\u2588\u2588\u2588\u2588\u2588\u258a | 1.58G/1.79G [04:52<00:17, 12.1MB/s]
 89%|\u2588\u2588\u2588\u2588\u2588\u2588\u2588\u2588\u2589 | 1.59G/1.79G [04:52<00:18, 11.7MB/s]
 89%|\u2588\u2588\u2588\u2588\u2588\u2588\u2588\u2588\u2589 | 1.59G/1.79G [04:52<00:18, 11.4MB/s]
 89%|\u2588\u2588\u2588\u2588\u2588\u2588\u2588\u2588\u2589 | 1.59G/1.79G [04:52<00:18, 11.5MB/s]
 89%|\u2588\u2588\u2588\u2588\u2588\u2588\u2588\u2588\u2589 | 1.59G/1.79G [04:52<00:24, 8.72MB/s]
 89%|\u2588\u2588\u2588\u2588\u2588\u2588\u2588\u2588\u2589 | 1.59G/1.79G [04:52<00:24, 8.73MB/s]
 89%|\u2588\u2588\u2588\u2588\u2588\u2588\u2588\u2588\u2589 | 1.59G/1.79G [04:52<00:23, 9.08MB/s]
 89%|\u2588\u2588\u2588\u2588\u2588\u2588\u2588\u2588\u2589 | 1.59G/1.79G [04:52<00:22, 9.43MB/s]
 89%|\u2588\u2588\u2588\u2588\u2588\u2588\u2588\u2588\u2589 | 1.59G/1.79G [04:53<00:19, 10.5MB/s]
 89%|\u2588\u2588\u2588\u2588\u2588\u2588\u2588\u2588\u2589 | 1.59G/1.79G [04:53<00:19, 10.6MB/s]
 89%|\u2588\u2588\u2588\u2588\u2588\u2588\u2588\u2588\u2589 | 1.60G/1.79G [04:53<00:17, 11.7MB/s]
 89%|\u2588\u2588\u2588\u2588\u2588\u2588\u2588\u2588\u2589 | 1.60G/1.79G [04:53<00:17, 11.8MB/s]
 89%|\u2588\u2588\u2588\u2588\u2588\u2588\u2588\u2588\u2589 | 1.60G/1.79G [04:53<00:17, 11.8MB/s]
 90%|\u2588\u2588\u2588\u2588\u2588\u2588\u2588\u2588\u2589 | 1.60G/1.79G [04:53<00:17, 11.5MB/s]
 90%|\u2588\u2588\u2588\u2588\u2588\u2588\u2588\u2588\u2589 | 1.60G/1.79G [04:53<00:17, 11.7MB/s]
 90%|\u2588\u2588\u2588\u2588\u2588\u2588\u2588\u2588\u2589 | 1.60G/1.79G [04:53<00:16, 11.8MB/s]
 90%|\u2588\u2588\u2588\u2588\u2588\u2588\u2588\u2588\u2589 | 1.60G/1.79G [04:53<00:16, 11.6MB/s]
 90%|\u2588\u2588\u2588\u2588\u2588\u2588\u2588\u2588\u2589 | 1.60G/1.79G [04:54<00:17, 11.0MB/s]
 90%|\u2588\u2588\u2588\u2588\u2588\u2588\u2588\u2588\u2589 | 1.61G/1.79G [04:54<00:18, 10.6MB/s]
 90%|\u2588\u2588\u2588\u2588\u2588\u2588\u2588\u2588\u2589 | 1.61G/1.79G [04:54<00:16, 11.6MB/s]
 90%|\u2588\u2588\u2588\u2588\u2588\u2588\u2588\u2588\u2588 | 1.61G/1.79G [04:54<00:15, 12.3MB/s]
 90%|\u2588\u2588\u2588\u2588\u2588\u2588\u2588\u2588\u2588 | 1.61G/1.79G [04:54<00:14, 12.9MB/s]
 90%|\u2588\u2588\u2588\u2588\u2588\u2588\u2588\u2588\u2588 | 1.61G/1.79G [04:54<00:15, 12.3MB/s]
 90%|\u2588\u2588\u2588\u2588\u2588\u2588\u2588\u2588\u2588 | 1.61G/1.79G [04:54<00:16, 11.2MB/s]
 90%|\u2588\u2588\u2588\u2588\u2588\u2588\u2588\u2588\u2588 | 1.61G/1.79G [04:54<00:14, 12.7MB/s]
 90%|\u2588\u2588\u2588\u2588\u2588\u2588\u2588\u2588\u2588 | 1.61G/1.79G [04:54<00:14, 12.8MB/s]
 90%|\u2588\u2588\u2588\u2588\u2588\u2588\u2588\u2588\u2588 | 1.62G/1.79G [04:55<00:15, 11.9MB/s]
 91%|\u2588\u2588\u2588\u2588\u2588\u2588\u2588\u2588\u2588 | 1.62G/1.79G [04:55<00:14, 12.3MB/s]
 91%|\u2588\u2588\u2588\u2588\u2588\u2588\u2588\u2588\u2588 | 1.62G/1.79G [04:55<00:15, 11.9MB/s]
 91%|\u2588\u2588\u2588\u2588\u2588\u2588\u2588\u2588\u2588 | 1.62G/1.79G [04:55<00:13, 12.8MB/s]
 91%|\u2588\u2588\u2588\u2588\u2588\u2588\u2588\u2588\u2588 | 1.62G/1.79G [04:55<00:13, 12.7MB/s]
 91%|\u2588\u2588\u2588\u2588\u2588\u2588\u2588\u2588\u2588 | 1.62G/1.79G [04:55<00:14, 12.1MB/s]
 91%|\u2588\u2588\u2588\u2588\u2588\u2588\u2588\u2588\u2588 | 1.62G/1.79G [04:55<00:13, 12.7MB/s]
 91%|\u2588\u2588\u2588\u2588\u2588\u2588\u2588\u2588\u2588 | 1.62G/1.79G [04:55<00:16, 10.4MB/s]
 91%|\u2588\u2588\u2588\u2588\u2588\u2588\u2588\u2588\u2588 | 1.63G/1.79G [04:55<00:15, 11.1MB/s]
 91%|\u2588\u2588\u2588\u2588\u2588\u2588\u2588\u2588\u2588 | 1.63G/1.79G [04:56<00:15, 10.8MB/s]
 91%|\u2588\u2588\u2588\u2588\u2588\u2588\u2588\u2588\u2588 | 1.63G/1.79G [04:56<00:16, 10.4MB/s]
 91%|\u2588\u2588\u2588\u2588\u2588\u2588\u2588\u2588\u2588\u258f| 1.63G/1.79G [04:56<00:14, 11.4MB/s]
 91%|\u2588\u2588\u2588\u2588\u2588\u2588\u2588\u2588\u2588\u258f| 1.63G/1.79G [04:56<00:14, 11.4MB/s]
 91%|\u2588\u2588\u2588\u2588\u2588\u2588\u2588\u2588\u2588\u258f| 1.63G/1.79G [04:56<00:13, 12.5MB/s]
 91%|\u2588\u2588\u2588\u2588\u2588\u2588\u2588\u2588\u2588\u258f| 1.63G/1.79G [04:56<00:14, 11.1MB/s]
 92%|\u2588\u2588\u2588\u2588\u2588\u2588\u2588\u2588\u2588\u258f| 1.64G/1.79G [04:56<00:12, 13.2MB/s]
 92%|\u2588\u2588\u2588\u2588\u2588\u2588\u2588\u2588\u2588\u258f| 1.64G/1.79G [04:56<00:12, 12.5MB/s]
 92%|\u2588\u2588\u2588\u2588\u2588\u2588\u2588\u2588\u2588\u258f| 1.64G/1.79G [04:57<00:13, 11.9MB/s]
 92%|\u2588\u2588\u2588\u2588\u2588\u2588\u2588\u2588\u2588\u258f| 1.64G/1.79G [04:57<00:12, 12.5MB/s]
 92%|\u2588\u2588\u2588\u2588\u2588\u2588\u2588\u2588\u2588\u258f| 1.64G/1.79G [04:57<00:13, 11.2MB/s]
 92%|\u2588\u2588\u2588\u2588\u2588\u2588\u2588\u2588\u2588\u258f| 1.64G/1.79G [04:57<00:12, 12.7MB/s]
 92%|\u2588\u2588\u2588\u2588\u2588\u2588\u2588\u2588\u2588\u258f| 1.64G/1.79G [04:57<00:12, 12.4MB/s]
 92%|\u2588\u2588\u2588\u2588\u2588\u2588\u2588\u2588\u2588\u258f| 1.64G/1.79G [04:57<00:13, 11.4MB/s]
 92%|\u2588\u2588\u2588\u2588\u2588\u2588\u2588\u2588\u2588\u258f| 1.65G/1.79G [04:57<00:12, 12.2MB/s]
 92%|\u2588\u2588\u2588\u2588\u2588\u2588\u2588\u2588\u2588\u258f| 1.65G/1.79G [04:57<00:13, 11.0MB/s]
 92%|\u2588\u2588\u2588\u2588\u2588\u2588\u2588\u2588\u2588\u258f| 1.65G/1.79G [04:58<00:13, 11.0MB/s]
 92%|\u2588\u2588\u2588\u2588\u2588\u2588\u2588\u2588\u2588\u258f| 1.65G/1.79G [04:58<00:10, 13.6MB/s]
 92%|\u2588\u2588\u2588\u2588\u2588\u2588\u2588\u2588\u2588\u258f| 1.65G/1.79G [04:58<00:10, 13.3MB/s]
 93%|\u2588\u2588\u2588\u2588\u2588\u2588\u2588\u2588\u2588\u258e| 1.65G/1.79G [04:58<00:10, 13.1MB/s]
 93%|\u2588\u2588\u2588\u2588\u2588\u2588\u2588\u2588\u2588\u258e| 1.65G/1.79G [04:58<00:10, 12.9MB/s]
 93%|\u2588\u2588\u2588\u2588\u2588\u2588\u2588\u2588\u2588\u258e| 1.66G/1.79G [04:58<00:11, 12.4MB/s]
 93%|\u2588\u2588\u2588\u2588\u2588\u2588\u2588\u2588\u2588\u258e| 1.66G/1.79G [04:58<00:11, 12.6MB/s]
 93%|\u2588\u2588\u2588\u2588\u2588\u2588\u2588\u2588\u2588\u258e| 1.66G/1.79G [04:58<00:13, 10.1MB/s]
 93%|\u2588\u2588\u2588\u2588\u2588\u2588\u2588\u2588\u2588\u258e| 1.66G/1.79G [04:59<00:15, 9.01MB/s]
 93%|\u2588\u2588\u2588\u2588\u2588\u2588\u2588\u2588\u2588\u258e| 1.66G/1.79G [04:59<00:11, 11.6MB/s]
 93%|\u2588\u2588\u2588\u2588\u2588\u2588\u2588\u2588\u2588\u258e| 1.66G/1.79G [04:59<00:18, 7.03MB/s]
 93%|\u2588\u2588\u2588\u2588\u2588\u2588\u2588\u2588\u2588\u258e| 1.67G/1.79G [04:59<00:11, 11.1MB/s]
 93%|\u2588\u2588\u2588\u2588\u2588\u2588\u2588\u2588\u2588\u258e| 1.67G/1.79G [04:59<00:10, 11.9MB/s]
 93%|\u2588\u2588\u2588\u2588\u2588\u2588\u2588\u2588\u2588\u258e| 1.67G/1.79G [04:59<00:10, 11.8MB/s]
 93%|\u2588\u2588\u2588\u2588\u2588\u2588\u2588\u2588\u2588\u258e| 1.67G/1.79G [05:00<00:09, 12.6MB/s]
 94%|\u2588\u2588\u2588\u2588\u2588\u2588\u2588\u2588\u2588\u258e| 1.67G/1.79G [05:00<00:10, 11.8MB/s]
 94%|\u2588\u2588\u2588\u2588\u2588\u2588\u2588\u2588\u2588\u258e| 1.67G/1.79G [05:00<00:10, 12.1MB/s]
 94%|\u2588\u2588\u2588\u2588\u2588\u2588\u2588\u2588\u2588\u258e| 1.67G/1.79G [05:00<00:09, 12.3MB/s]
 94%|\u2588\u2588\u2588\u2588\u2588\u2588\u2588\u2588\u2588\u258d| 1.67G/1.79G [05:00<00:09, 12.3MB/s]
 94%|\u2588\u2588\u2588\u2588\u2588\u2588\u2588\u2588\u2588\u258d| 1.68G/1.79G [05:00<00:09, 12.5MB/s]
 94%|\u2588\u2588\u2588\u2588\u2588\u2588\u2588\u2588\u2588\u258d| 1.68G/1.79G [05:00<00:09, 11.9MB/s]
 94%|\u2588\u2588\u2588\u2588\u2588\u2588\u2588\u2588\u2588\u258d| 1.68G/1.79G [05:00<00:09, 12.0MB/s]
 94%|\u2588\u2588\u2588\u2588\u2588\u2588\u2588\u2588\u2588\u258d| 1.68G/1.79G [05:00<00:09, 12.4MB/s]
 94%|\u2588\u2588\u2588\u2588\u2588\u2588\u2588\u2588\u2588\u258d| 1.68G/1.79G [05:01<00:09, 12.2MB/s]
 94%|\u2588\u2588\u2588\u2588\u2588\u2588\u2588\u2588\u2588\u258d| 1.68G/1.79G [05:01<00:09, 12.0MB/s]
 94%|\u2588\u2588\u2588\u2588\u2588\u2588\u2588\u2588\u2588\u258d| 1.68G/1.79G [05:01<00:09, 11.8MB/s]
 94%|\u2588\u2588\u2588\u2588\u2588\u2588\u2588\u2588\u2588\u258d| 1.68G/1.79G [05:01<00:09, 11.5MB/s]
 94%|\u2588\u2588\u2588\u2588\u2588\u2588\u2588\u2588\u2588\u258d| 1.69G/1.79G [05:01<00:09, 11.6MB/s]
 94%|\u2588\u2588\u2588\u2588\u2588\u2588\u2588\u2588\u2588\u258d| 1.69G/1.79G [05:01<00:09, 11.4MB/s]
 94%|\u2588\u2588\u2588\u2588\u2588\u2588\u2588\u2588\u2588\u258d| 1.69G/1.79G [05:01<00:09, 11.5MB/s]
 95%|\u2588\u2588\u2588\u2588\u2588\u2588\u2588\u2588\u2588\u258d| 1.69G/1.79G [05:01<00:09, 10.8MB/s]
 95%|\u2588\u2588\u2588\u2588\u2588\u2588\u2588\u2588\u2588\u258d| 1.69G/1.79G [05:01<00:09, 10.6MB/s]
 95%|\u2588\u2588\u2588\u2588\u2588\u2588\u2588\u2588\u2588\u258d| 1.69G/1.79G [05:02<00:08, 11.3MB/s]
 95%|\u2588\u2588\u2588\u2588\u2588\u2588\u2588\u2588\u2588\u258d| 1.69G/1.79G [05:02<00:08, 12.0MB/s]
 95%|\u2588\u2588\u2588\u2588\u2588\u2588\u2588\u2588\u2588\u258d| 1.69G/1.79G [05:02<00:08, 11.8MB/s]
 95%|\u2588\u2588\u2588\u2588\u2588\u2588\u2588\u2588\u2588\u258d| 1.70G/1.79G [05:02<00:08, 12.2MB/s]
 95%|\u2588\u2588\u2588\u2588\u2588\u2588\u2588\u2588\u2588\u258d| 1.70G/1.79G [05:02<00:08, 11.6MB/s]
 95%|\u2588\u2588\u2588\u2588\u2588\u2588\u2588\u2588\u2588\u258c| 1.70G/1.79G [05:02<00:08, 10.9MB/s]
 95%|\u2588\u2588\u2588\u2588\u2588\u2588\u2588\u2588\u2588\u258c| 1.70G/1.79G [05:02<00:08, 10.7MB/s]
 95%|\u2588\u2588\u2588\u2588\u2588\u2588\u2588\u2588\u2588\u258c| 1.70G/1.79G [05:02<00:09, 10.0MB/s]
 95%|\u2588\u2588\u2588\u2588\u2588\u2588\u2588\u2588\u2588\u258c| 1.70G/1.79G [05:02<00:10, 8.99MB/s]
 95%|\u2588\u2588\u2588\u2588\u2588\u2588\u2588\u2588\u2588\u258c| 1.70G/1.79G [05:03<00:07, 12.7MB/s]
 95%|\u2588\u2588\u2588\u2588\u2588\u2588\u2588\u2588\u2588\u258c| 1.70G/1.79G [05:03<00:07, 12.6MB/s]
 95%|\u2588\u2588\u2588\u2588\u2588\u2588\u2588\u2588\u2588\u258c| 1.71G/1.79G [05:03<00:07, 12.2MB/s]
 96%|\u2588\u2588\u2588\u2588\u2588\u2588\u2588\u2588\u2588\u258c| 1.71G/1.79G [05:03<00:07, 12.1MB/s]
 96%|\u2588\u2588\u2588\u2588\u2588\u2588\u2588\u2588\u2588\u258c| 1.71G/1.79G [05:03<00:07, 11.5MB/s]
 96%|\u2588\u2588\u2588\u2588\u2588\u2588\u2588\u2588\u2588\u258c| 1.71G/1.79G [05:03<00:07, 11.7MB/s]
 96%|\u2588\u2588\u2588\u2588\u2588\u2588\u2588\u2588\u2588\u258c| 1.71G/1.79G [05:03<00:06, 12.1MB/s]
 96%|\u2588\u2588\u2588\u2588\u2588\u2588\u2588\u2588\u2588\u258c| 1.71G/1.79G [05:03<00:06, 12.3MB/s]
 96%|\u2588\u2588\u2588\u2588\u2588\u2588\u2588\u2588\u2588\u258c| 1.71G/1.79G [05:03<00:06, 12.4MB/s]
 96%|\u2588\u2588\u2588\u2588\u2588\u2588\u2588\u2588\u2588\u258c| 1.71G/1.79G [05:04<00:07, 11.0MB/s]
 96%|\u2588\u2588\u2588\u2588\u2588\u2588\u2588\u2588\u2588\u258c| 1.72G/1.79G [05:04<00:06, 12.1MB/s]
 96%|\u2588\u2588\u2588\u2588\u2588\u2588\u2588\u2588\u2588\u258c| 1.72G/1.79G [05:04<00:06, 10.7MB/s]
 96%|\u2588\u2588\u2588\u2588\u2588\u2588\u2588\u2588\u2588\u258c| 1.72G/1.79G [05:04<00:05, 12.4MB/s]
 96%|\u2588\u2588\u2588\u2588\u2588\u2588\u2588\u2588\u2588\u258b| 1.72G/1.79G [05:04<00:05, 12.6MB/s]
 96%|\u2588\u2588\u2588\u2588\u2588\u2588\u2588\u2588\u2588\u258b| 1.72G/1.79G [05:04<00:08, 8.17MB/s]
 97%|\u2588\u2588\u2588\u2588\u2588\u2588\u2588\u2588\u2588\u258b| 1.72G/1.79G [05:05<00:04, 13.7MB/s]
 97%|\u2588\u2588\u2588\u2588\u2588\u2588\u2588\u2588\u2588\u258b| 1.73G/1.79G [05:05<00:04, 13.2MB/s]
 97%|\u2588\u2588\u2588\u2588\u2588\u2588\u2588\u2588\u2588\u258b| 1.73G/1.79G [05:05<00:04, 12.8MB/s]
 97%|\u2588\u2588\u2588\u2588\u2588\u2588\u2588\u2588\u2588\u258b| 1.73G/1.79G [05:05<00:06, 10.0MB/s]
 97%|\u2588\u2588\u2588\u2588\u2588\u2588\u2588\u2588\u2588\u258b| 1.73G/1.79G [05:05<00:04, 13.0MB/s]
 97%|\u2588\u2588\u2588\u2588\u2588\u2588\u2588\u2588\u2588\u258b| 1.73G/1.79G [05:05<00:04, 12.6MB/s]
 97%|\u2588\u2588\u2588\u2588\u2588\u2588\u2588\u2588\u2588\u258b| 1.73G/1.79G [05:06<00:05, 10.4MB/s]
 97%|\u2588\u2588\u2588\u2588\u2588\u2588\u2588\u2588\u2588\u258b| 1.74G/1.79G [05:06<00:03, 13.5MB/s]
 97%|\u2588\u2588\u2588\u2588\u2588\u2588\u2588\u2588\u2588\u258b| 1.74G/1.79G [05:06<00:03, 13.0MB/s]
 97%|\u2588\u2588\u2588\u2588\u2588\u2588\u2588\u2588\u2588\u258b| 1.74G/1.79G [05:06<00:03, 12.7MB/s]
 97%|\u2588\u2588\u2588\u2588\u2588\u2588\u2588\u2588\u2588\u258b| 1.74G/1.79G [05:06<00:03, 12.9MB/s]
 98%|\u2588\u2588\u2588\u2588\u2588\u2588\u2588\u2588\u2588\u258a| 1.74G/1.79G [05:06<00:03, 13.1MB/s]
 98%|\u2588\u2588\u2588\u2588\u2588\u2588\u2588\u2588\u2588\u258a| 1.74G/1.79G [05:06<00:03, 12.2MB/s]
 98%|\u2588\u2588\u2588\u2588\u2588\u2588\u2588\u2588\u2588\u258a| 1.75G/1.79G [05:06<00:03, 12.3MB/s]
 98%|\u2588\u2588\u2588\u2588\u2588\u2588\u2588\u2588\u2588\u258a| 1.75G/1.79G [05:06<00:03, 12.1MB/s]
 98%|\u2588\u2588\u2588\u2588\u2588\u2588\u2588\u2588\u2588\u258a| 1.75G/1.79G [05:07<00:03, 10.9MB/s]
 98%|\u2588\u2588\u2588\u2588\u2588\u2588\u2588\u2588\u2588\u258a| 1.75G/1.79G [05:07<00:03, 11.3MB/s]
 98%|\u2588\u2588\u2588\u2588\u2588\u2588\u2588\u2588\u2588\u258a| 1.75G/1.79G [05:07<00:03, 11.2MB/s]
 98%|\u2588\u2588\u2588\u2588\u2588\u2588\u2588\u2588\u2588\u258a| 1.75G/1.79G [05:07<00:03, 11.9MB/s]
 98%|\u2588\u2588\u2588\u2588\u2588\u2588\u2588\u2588\u2588\u258a| 1.75G/1.79G [05:07<00:02, 12.3MB/s]
 98%|\u2588\u2588\u2588\u2588\u2588\u2588\u2588\u2588\u2588\u258a| 1.75G/1.79G [05:07<00:02, 12.3MB/s]
 98%|\u2588\u2588\u2588\u2588\u2588\u2588\u2588\u2588\u2588\u258a| 1.75G/1.79G [05:07<00:02, 11.8MB/s]
 98%|\u2588\u2588\u2588\u2588\u2588\u2588\u2588\u2588\u2588\u258a| 1.76G/1.79G [05:07<00:02, 11.8MB/s]
 98%|\u2588\u2588\u2588\u2588\u2588\u2588\u2588\u2588\u2588\u258a| 1.76G/1.79G [05:07<00:02, 11.3MB/s]
 98%|\u2588\u2588\u2588\u2588\u2588\u2588\u2588\u2588\u2588\u258a| 1.76G/1.79G [05:08<00:02, 12.4MB/s]
 99%|\u2588\u2588\u2588\u2588\u2588\u2588\u2588\u2588\u2588\u258a| 1.76G/1.79G [05:08<00:02, 12.0MB/s]
 99%|\u2588\u2588\u2588\u2588\u2588\u2588\u2588\u2588\u2588\u258a| 1.76G/1.79G [05:08<00:02, 12.4MB/s]
 99%|\u2588\u2588\u2588\u2588\u2588\u2588\u2588\u2588\u2588\u258a| 1.76G/1.79G [05:08<00:02, 11.5MB/s]
 99%|\u2588\u2588\u2588\u2588\u2588\u2588\u2588\u2588\u2588\u258a| 1.76G/1.79G [05:08<00:02, 9.68MB/s]
 99%|\u2588\u2588\u2588\u2588\u2588\u2588\u2588\u2588\u2588\u2589| 1.77G/1.79G [05:08<00:01, 12.7MB/s]
 99%|\u2588\u2588\u2588\u2588\u2588\u2588\u2588\u2588\u2588\u2589| 1.77G/1.79G [05:08<00:01, 13.5MB/s]
 99%|\u2588\u2588\u2588\u2588\u2588\u2588\u2588\u2588\u2588\u2589| 1.77G/1.79G [05:09<00:02, 9.04MB/s]
 99%|\u2588\u2588\u2588\u2588\u2588\u2588\u2588\u2588\u2588\u2589| 1.77G/1.79G [05:09<00:01, 13.1MB/s]
 99%|\u2588\u2588\u2588\u2588\u2588\u2588\u2588\u2588\u2588\u2589| 1.77G/1.79G [05:09<00:01, 11.7MB/s]
 99%|\u2588\u2588\u2588\u2588\u2588\u2588\u2588\u2588\u2588\u2589| 1.77G/1.79G [05:09<00:01, 12.4MB/s]
 99%|\u2588\u2588\u2588\u2588\u2588\u2588\u2588\u2588\u2588\u2589| 1.78G/1.79G [05:09<00:00, 12.5MB/s]
 99%|\u2588\u2588\u2588\u2588\u2588\u2588\u2588\u2588\u2588\u2589| 1.78G/1.79G [05:09<00:00, 11.4MB/s]
100%|\u2588\u2588\u2588\u2588\u2588\u2588\u2588\u2588\u2588\u2589| 1.78G/1.79G [05:09<00:00, 10.9MB/s]
100%|\u2588\u2588\u2588\u2588\u2588\u2588\u2588\u2588\u2588\u2589| 1.78G/1.79G [05:10<00:00, 11.3MB/s]
100%|\u2588\u2588\u2588\u2588\u2588\u2588\u2588\u2588\u2588\u2589| 1.78G/1.79G [05:10<00:00, 11.4MB/s]
100%|\u2588\u2588\u2588\u2588\u2588\u2588\u2588\u2588\u2588\u2589| 1.78G/1.79G [05:10<00:00, 11.1MB/s]
100%|\u2588\u2588\u2588\u2588\u2588\u2588\u2588\u2588\u2588\u2589| 1.78G/1.79G [05:10<00:00, 10.9MB/s]
100%|\u2588\u2588\u2588\u2588\u2588\u2588\u2588\u2588\u2588\u2589| 1.78G/1.79G [05:10<00:00, 10.8MB/s]
100%|\u2588\u2588\u2588\u2588\u2588\u2588\u2588\u2588\u2588\u2589| 1.79G/1.79G [05:10<00:00, 12.5MB/s]
100%|\u2588\u2588\u2588\u2588\u2588\u2588\u2588\u2588\u2588\u2588| 1.79G/1.79G [05:11<00:00, 6.15MB/s]
Upload successful: locked_checkpoints.zip (2GB)
Your private Dataset is being created. Please check progress at https://www.kaggle.com/datasets/KAGGLE_USER/revllm-session13-locked-checkpoints
